County,Date,Cases,Deaths,New,New14,Incidence14
Lehigh,2020-01-23,0,0,0,0,0
Lehigh,2020-01-24,0,0,0,0,0
Lehigh,2020-01-25,0,0,0,0,0
Lehigh,2020-01-26,0,0,0,0,0
Lehigh,2020-01-27,0,0,0,0,0
Lehigh,2020-01-28,0,0,0,0,0
Lehigh,2020-01-29,0,0,0,0,0
Lehigh,2020-01-30,0,0,0,0,0
Lehigh,2020-01-31,0,0,0,0,0
Lehigh,2020-02-01,0,0,0,0,0
Lehigh,2020-02-02,0,0,0,0,0
Lehigh,2020-02-03,0,0,0,0,0
Lehigh,2020-02-04,0,0,0,0,0
Lehigh,2020-02-05,0,0,0,0,0
Lehigh,2020-02-06,0,0,0,0,0
Lehigh,2020-02-07,0,0,0,0,0
Lehigh,2020-02-08,0,0,0,0,0
Lehigh,2020-02-09,0,0,0,0,0
Lehigh,2020-02-10,0,0,0,0,0
Lehigh,2020-02-11,0,0,0,0,0
Lehigh,2020-02-12,0,0,0,0,0
Lehigh,2020-02-13,0,0,0,0,0
Lehigh,2020-02-14,0,0,0,0,0
Lehigh,2020-02-15,0,0,0,0,0
Lehigh,2020-02-16,0,0,0,0,0
Lehigh,2020-02-17,0,0,0,0,0
Lehigh,2020-02-18,0,0,0,0,0
Lehigh,2020-02-19,0,0,0,0,0
Lehigh,2020-02-20,0,0,0,0,0
Lehigh,2020-02-21,0,0,0,0,0
Lehigh,2020-02-22,0,0,0,0,0
Lehigh,2020-02-23,0,0,0,0,0
Lehigh,2020-02-24,0,0,0,0,0
Lehigh,2020-02-25,0,0,0,0,0
Lehigh,2020-02-26,0,0,0,0,0
Lehigh,2020-02-27,0,0,0,0,0
Lehigh,2020-02-28,0,0,0,0,0
Lehigh,2020-02-29,0,0,0,0,0
Lehigh,2020-03-01,0,0,0,0,0
Lehigh,2020-03-02,0,0,0,0,0
Lehigh,2020-03-03,0,0,0,0,0
Lehigh,2020-03-04,0,0,0,0,0
Lehigh,2020-03-05,0,0,0,0,0
Lehigh,2020-03-06,0,0,0,0,0
Lehigh,2020-03-07,0,0,0,0,0
Lehigh,2020-03-08,0,0,0,0,0
Lehigh,2020-03-09,0,0,0,0,0
Lehigh,2020-03-10,0,0,0,0,0
Lehigh,2020-03-11,0,0,0,0,0
Lehigh,2020-03-12,0,0,0,0,0
Lehigh,2020-03-13,0,0,0,0,0
Lehigh,2020-03-14,0,0,0,0,0
Lehigh,2020-03-15,0,0,0,0,0
Lehigh,2020-03-16,0,0,0,0,0
Lehigh,2020-03-17,1,0,1,0.07142857142857142,0
Lehigh,2020-03-18,1,0,0,0.07142857142857142,0
Lehigh,2020-03-19,1,0,0,0.07142857142857142,0
Lehigh,2020-03-20,1,0,0,0.07142857142857142,0
Lehigh,2020-03-21,2,0,1,0.14285714285714285,0
Lehigh,2020-03-22,13,0,11,0.9285714285714286,0.3
Lehigh,2020-03-23,19,1,6,1.3571428571428572,0.4
Lehigh,2020-03-24,25,1,6,1.7857142857142858,0.5
Lehigh,2020-03-25,27,1,2,1.9285714285714286,0.5
Lehigh,2020-03-26,38,1,11,2.7142857142857144,0.7
Lehigh,2020-03-27,63,1,25,4.5,1.2
Lehigh,2020-03-28,93,2,30,6.642857142857143,1.8
Lehigh,2020-03-29,109,3,16,7.785714285714286,2.1
Lehigh,2020-03-30,151,3,42,10.785714285714286,2.9
Lehigh,2020-03-31,231,3,80,16.428571428571427,4.5
Lehigh,2020-04-01,272,4,41,19.357142857142858,5.3
Lehigh,2020-04-02,391,5,119,27.857142857142858,7.6
Lehigh,2020-04-03,461,5,70,32.857142857142854,8.9
Lehigh,2020-04-04,586,5,125,41.714285714285715,11.3
Lehigh,2020-04-05,806,7,220,56.642857142857146,15.4
Lehigh,2020-04-06,873,8,67,61,16.6
Lehigh,2020-04-07,1009,8,136,70.28571428571429,19.1
Lehigh,2020-04-08,1149,10,140,80.14285714285714,21.8
Lehigh,2020-04-09,1333,12,184,92.5,25.1
Lehigh,2020-04-10,1465,13,132,100.14285714285714,27.2
Lehigh,2020-04-11,1572,16,107,105.64285714285714,28.7
Lehigh,2020-04-12,1624,16,52,108.21428571428571,29.4
Lehigh,2020-04-13,1680,18,56,109.21428571428571,29.7
Lehigh,2020-04-14,1747,19,67,108.28571428571429,29.4
Lehigh,2020-04-15,1799,23,52,109.07142857142857,29.6
Lehigh,2020-04-16,1932,25,133,110.07142857142857,29.9
Lehigh,2020-04-17,1993,28,61,109.42857142857143,29.7
Lehigh,2020-04-18,2093,29,100,107.64285714285714,29.2
Lehigh,2020-04-19,2139,29,46,95.21428571428571,25.9
Lehigh,2020-04-20,2202,32,63,94.92857142857143,25.8
Lehigh,2020-04-21,2240,33,38,87.92857142857143,23.9
Lehigh,2020-04-22,2275,49,35,80.42857142857143,21.8
Lehigh,2020-04-23,2358,49,83,73.21428571428571,19.9
Lehigh,2020-04-24,2415,49,57,67.85714285714286,18.4
Lehigh,2020-04-25,2488,49,73,65.42857142857143,17.8
Lehigh,2020-04-26,2548,50,60,66,17.9
Lehigh,2020-04-27,2598,51,50,65.57142857142857,17.8
Lehigh,2020-04-28,2638,56,40,63.642857142857146,17.3
Lehigh,2020-04-29,2683,64,45,63.142857142857146,17.2
Lehigh,2020-04-30,2713,72,30,55.785714285714285,15.2
Lehigh,2020-05-01,2793,74,80,57.142857142857146,15.5
Lehigh,2020-05-02,2844,80,51,53.642857142857146,14.6
Lehigh,2020-05-03,2891,83,47,53.714285714285715,14.6
Lehigh,2020-05-04,2916,83,25,51,13.9
Lehigh,2020-05-05,2943,83,27,50.214285714285715,13.6
Lehigh,2020-05-06,2977,94,34,50.142857142857146,13.6
Lehigh,2020-05-07,3033,102,56,48.214285714285715,13.1
Lehigh,2020-05-08,3082,111,49,47.642857142857146,12.9
Lehigh,2020-05-09,3126,114,44,45.57142857142857,12.4
Lehigh,2020-05-10,3154,120,28,43.285714285714285,11.8
Lehigh,2020-05-11,3219,121,65,44.357142857142854,12.1
Lehigh,2020-05-12,3240,121,21,43,11.7
Lehigh,2020-05-13,3267,123,27,41.714285714285715,11.3
Lehigh,2020-05-14,3296,129,29,41.642857142857146,11.3
Lehigh,2020-05-15,3352,133,56,39.92857142857143,10.8
Lehigh,2020-05-16,3379,136,27,38.214285714285715,10.4
Lehigh,2020-05-17,3423,139,44,38,10.3
Lehigh,2020-05-18,3449,139,26,38.07142857142857,10.3
Lehigh,2020-05-19,3472,173,23,37.785714285714285,10.3
Lehigh,2020-05-20,3500,182,28,37.357142857142854,10.1
Lehigh,2020-05-21,3528,188,28,35.357142857142854,9.6
Lehigh,2020-05-22,3561,192,33,34.214285714285715,9.3
Lehigh,2020-05-23,3588,197,27,33,9
Lehigh,2020-05-24,3608,202,20,32.42857142857143,8.8
Lehigh,2020-05-25,3630,206,22,29.357142857142858,8
Lehigh,2020-05-26,3646,209,16,29,7.9
Lehigh,2020-05-27,3653,210,7,27.571428571428573,7.5
Lehigh,2020-05-28,3677,215,24,27.214285714285715,7.4
Lehigh,2020-05-29,3697,218,20,24.642857142857142,6.7
Lehigh,2020-05-30,3717,222,20,24.142857142857142,6.6
Lehigh,2020-05-31,3722,228,5,21.357142857142858,5.8
Lehigh,2020-06-01,3742,228,20,20.928571428571427,5.7
Lehigh,2020-06-02,3752,228,10,20,5.4
Lehigh,2020-06-03,3763,235,11,18.785714285714285,5.1
Lehigh,2020-06-04,3782,239,19,18.142857142857142,4.9
Lehigh,2020-06-05,3796,242,14,16.785714285714285,4.6
Lehigh,2020-06-06,3810,245,14,15.857142857142858,4.3
Lehigh,2020-06-07,3828,248,18,15.714285714285714,4.3
Lehigh,2020-06-08,3839,248,11,14.928571428571429,4.1
Lehigh,2020-06-09,3850,249,11,14.571428571428571,4
Lehigh,2020-06-10,3870,253,20,15.5,4.2
Lehigh,2020-06-11,3876,259,6,14.214285714285714,3.9
Lehigh,2020-06-12,3890,263,14,13.785714285714286,3.7
Lehigh,2020-06-13,3907,264,17,13.571428571428571,3.7
Lehigh,2020-06-14,3927,267,20,14.642857142857142,4
Lehigh,2020-06-15,3937,267,10,13.928571428571429,3.8
Lehigh,2020-06-16,3944,269,7,13.714285714285714,3.7
Lehigh,2020-06-17,3958,271,14,13.928571428571429,3.8
Lehigh,2020-06-18,3963,273,5,12.928571428571429,3.5
Lehigh,2020-06-19,3981,276,18,13.214285714285714,3.6
Lehigh,2020-06-20,4006,277,25,14,3.8
Lehigh,2020-06-21,4055,278,49,16.214285714285715,4.4
Lehigh,2020-06-22,4068,278,13,16.357142857142858,4.4
Lehigh,2020-06-23,4075,279,7,16.071428571428573,4.4
Lehigh,2020-06-24,4089,281,14,15.642857142857142,4.2
Lehigh,2020-06-25,4110,284,21,16.714285714285715,4.5
Lehigh,2020-06-26,4142,285,32,18,4.9
Lehigh,2020-06-27,4165,288,23,18.428571428571427,5
Lehigh,2020-06-28,4182,292,17,18.214285714285715,4.9
Lehigh,2020-06-29,4190,292,8,18.071428571428573,4.9
Lehigh,2020-06-30,4201,294,11,18.357142857142858,5
Lehigh,2020-07-01,4214,297,13,18.285714285714285,5
Lehigh,2020-07-02,4240,300,26,19.785714285714285,5.4
Lehigh,2020-07-03,4255,305,15,19.571428571428573,5.3
Lehigh,2020-07-04,4268,307,13,18.714285714285715,5.1
Lehigh,2020-07-05,4281,307,13,16.142857142857142,4.4
Lehigh,2020-07-06,4288,307,7,15.714285714285714,4.3
Lehigh,2020-07-07,4294,307,6,15.642857142857142,4.2
Lehigh,2020-07-08,4314,309,20,16.071428571428573,4.4
Lehigh,2020-07-09,4336,312,22,16.142857142857142,4.4
Lehigh,2020-07-10,4351,315,15,14.928571428571429,4.1
Lehigh,2020-07-11,4370,319,19,14.642857142857142,4
Lehigh,2020-07-12,4398,324,28,15.428571428571429,4.2
Lehigh,2020-07-13,4407,326,9,15.5,4.2
Lehigh,2020-07-14,4416,327,9,15.357142857142858,4.2
Lehigh,2020-07-15,4428,329,12,15.285714285714286,4.2
Lehigh,2020-07-16,4448,330,20,14.857142857142858,4
Lehigh,2020-07-17,4476,330,28,15.785714285714286,4.3
Lehigh,2020-07-18,4500,331,24,16.571428571428573,4.5
Lehigh,2020-07-19,4519,332,19,17,4.6
Lehigh,2020-07-20,4526,332,7,17,4.6
Lehigh,2020-07-21,4542,332,16,17.714285714285715,4.8
Lehigh,2020-07-22,4567,333,25,18.071428571428573,4.9
Lehigh,2020-07-23,4580,334,13,17.428571428571427,4.7
Lehigh,2020-07-24,4590,334,10,17.071428571428573,4.6
Lehigh,2020-07-25,4610,334,20,17.142857142857142,4.7
Lehigh,2020-07-26,4652,334,42,18.142857142857142,4.9
Lehigh,2020-07-27,4671,335,19,18.857142857142858,5.1
Lehigh,2020-07-28,4692,335,21,19.714285714285715,5.4
Lehigh,2020-07-29,4723,335,31,21.071428571428573,5.7
Lehigh,2020-07-30,4762,335,39,22.428571428571427,6.1
Lehigh,2020-07-31,4780,335,18,21.714285714285715,5.9
Lehigh,2020-08-01,4795,334,15,21.071428571428573,5.7
Lehigh,2020-08-02,4811,335,16,20.857142857142858,5.7
Lehigh,2020-08-03,4832,335,21,21.857142857142858,5.9
Lehigh,2020-08-04,4835,335,3,20.928571428571427,5.7
Lehigh,2020-08-05,4853,335,18,20.428571428571427,5.5
Lehigh,2020-08-06,4874,335,21,21,5.7
Lehigh,2020-08-07,4891,336,17,21.5,5.8
Lehigh,2020-08-08,4907,336,16,21.214285714285715,5.8
Lehigh,2020-08-09,4922,337,15,19.285714285714285,5.2
Lehigh,2020-08-10,4957,337,35,20.428571428571427,5.5
Lehigh,2020-08-11,4964,337,7,19.428571428571427,5.3
Lehigh,2020-08-12,4985,338,21,18.714285714285715,5.1
Lehigh,2020-08-13,5012,338,27,17.857142857142858,4.9
Lehigh,2020-08-14,5029,340,17,17.785714285714285,4.8
Lehigh,2020-08-15,5041,340,12,17.571428571428573,4.8
Lehigh,2020-08-16,5052,341,11,17.214285714285715,4.7
Lehigh,2020-08-17,5063,341,11,16.5,4.5
Lehigh,2020-08-18,5066,341,3,16.5,4.5
Lehigh,2020-08-19,5079,341,13,16.142857142857142,4.4
Lehigh,2020-08-20,5090,341,11,15.428571428571429,4.2
Lehigh,2020-08-21,5098,342,8,14.785714285714286,4
Lehigh,2020-08-22,5106,342,8,14.214285714285714,3.9
Lehigh,2020-08-23,5114,342,8,13.714285714285714,3.7
Lehigh,2020-08-24,5121,342,7,11.714285714285714,3.2
Lehigh,2020-08-25,5125,342,4,11.5,3.1
Lehigh,2020-08-26,5128,342,3,10.214285714285714,2.8
Lehigh,2020-08-27,5131,342,3,8.5,2.3
Lehigh,2020-08-28,5147,342,16,8.428571428571429,2.3
Lehigh,2020-08-29,5157,343,10,8.285714285714286,2.3
Lehigh,2020-08-30,5175,343,18,8.785714285714286,2.4
Lehigh,2020-08-31,5190,343,15,9.071428571428571,2.5
Lehigh,2020-09-01,5196,343,6,9.285714285714286,2.5
Lehigh,2020-09-02,5206,343,10,9.071428571428571,2.5
Lehigh,2020-09-03,5214,344,8,8.857142857142858,2.4
Lehigh,2020-09-04,5230,344,16,9.428571428571429,2.6
Lehigh,2020-09-05,5243,345,13,9.785714285714286,2.7
Lehigh,2020-09-06,5266,345,23,10.857142857142858,2.9
Lehigh,2020-09-07,5290,345,24,12.071428571428571,3.3
Lehigh,2020-09-08,5305,345,15,12.857142857142858,3.5
Lehigh,2020-09-09,5306,345,1,12.714285714285714,3.5
Lehigh,2020-09-10,5327,345,21,14,3.8
Lehigh,2020-09-11,5332,345,5,13.214285714285714,3.6
Lehigh,2020-09-12,5352,345,20,13.928571428571429,3.8
Lehigh,2020-09-13,5371,345,19,14,3.8
Lehigh,2020-09-14,5386,345,15,14,3.8
Lehigh,2020-09-15,5398,345,12,14.428571428571429,3.9
Lehigh,2020-09-16,5414,345,16,14.857142857142858,4
Lehigh,2020-09-17,5425,345,11,15.071428571428571,4.1
Lehigh,2020-09-18,5449,345,24,15.642857142857142,4.2
Lehigh,2020-09-19,5461,346,12,15.571428571428571,4.2
Lehigh,2020-09-20,5471,346,10,14.642857142857142,4
Lehigh,2020-09-21,5485,349,14,13.928571428571429,3.8
Lehigh,2020-09-22,5497,350,12,13.714285714285714,3.7
Lehigh,2020-09-23,5517,350,20,15.071428571428571,4.1
Lehigh,2020-09-24,5533,352,16,14.714285714285714,4
Lehigh,2020-09-25,5558,353,25,16.142857142857142,4.4
Lehigh,2020-09-26,5574,353,16,15.857142857142858,4.3
Lehigh,2020-09-27,5604,353,30,16.642857142857142,4.5
Lehigh,2020-09-28,5629,353,25,17.357142857142858,4.7
Lehigh,2020-09-29,5642,353,13,17.428571428571427,4.7
Lehigh,2020-09-30,5679,353,37,18.928571428571427,5.1
Lehigh,2020-10-01,5698,353,19,19.5,5.3
Lehigh,2020-10-02,5715,353,17,19,5.2
Lehigh,2020-10-03,5742,354,27,20.071428571428573,5.5
Lehigh,2020-10-04,5761,354,19,20.714285714285715,5.6
Lehigh,2020-10-05,5782,354,21,21.214285714285715,5.8
Lehigh,2020-10-06,5791,355,9,21,5.7
Lehigh,2020-10-07,5817,356,26,21.428571428571427,5.8
Lehigh,2020-10-08,5861,357,44,23.428571428571427,6.4
Lehigh,2020-10-09,5885,357,24,23.357142857142858,6.3
Lehigh,2020-10-10,5914,357,29,24.285714285714285,6.6
Lehigh,2020-10-11,5941,358,27,24.071428571428573,6.5
Lehigh,2020-10-12,5967,359,26,24.142857142857142,6.6
Lehigh,2020-10-13,5980,359,13,24.142857142857142,6.6
Lehigh,2020-10-14,6007,359,27,23.428571428571427,6.4
Lehigh,2020-10-15,6030,361,23,23.714285714285715,6.4
Lehigh,2020-10-16,6061,361,31,24.714285714285715,6.7
Lehigh,2020-10-17,6088,361,27,24.714285714285715,6.7
Lehigh,2020-10-18,6113,361,25,25.142857142857142,6.8
Lehigh,2020-10-19,6136,362,23,25.285714285714285,6.9
Lehigh,2020-10-20,6154,362,18,25.928571428571427,7
Lehigh,2020-10-21,6175,363,21,25.571428571428573,6.9
Lehigh,2020-10-22,6217,363,42,25.428571428571427,6.9
Lehigh,2020-10-23,6269,363,52,27.428571428571427,7.5
Lehigh,2020-10-24,6327,364,58,29.5,8
Lehigh,2020-10-25,6388,365,61,31.928571428571427,8.7
Lehigh,2020-10-26,6443,365,55,34,9.2
Lehigh,2020-10-27,6506,365,63,37.57142857142857,10.2
Lehigh,2020-10-28,6550,365,44,38.785714285714285,10.5
Lehigh,2020-10-29,6602,365,52,40.857142857142854,11.1
Lehigh,2020-10-30,6654,365,52,42.357142857142854,11.5
Lehigh,2020-10-31,6706,366,52,44.142857142857146,12
Lehigh,2020-11-01,6820,366,114,50.5,13.7
Lehigh,2020-11-02,6875,366,55,52.785714285714285,14.3
Lehigh,2020-11-03,6953,366,78,57.07142857142857,15.5
Lehigh,2020-11-04,7039,366,86,61.714285714285715,16.8
Lehigh,2020-11-05,7105,369,66,63.42857142857143,17.2
Lehigh,2020-11-06,7207,370,102,67,18.2
Lehigh,2020-11-07,7317,371,110,70.71428571428571,19.2
Lehigh,2020-11-08,7452,372,135,76,20.6
Lehigh,2020-11-09,7557,372,105,79.57142857142857,21.6
Lehigh,2020-11-10,7666,372,109,82.85714285714286,22.5
Lehigh,2020-11-11,7794,372,128,88.85714285714286,24.1
Lehigh,2020-11-12,7989,372,195,99.07142857142857,26.9
Lehigh,2020-11-13,8191,372,202,109.78571428571429,29.8
Lehigh,2020-11-14,8348,372,157,117.28571428571429,31.9
Lehigh,2020-11-15,8484,374,136,118.85714285714286,32.3
Lehigh,2020-11-16,8643,374,159,126.28571428571429,34.3
Lehigh,2020-11-17,8731,374,88,127,34.5
Lehigh,2020-11-18,8835,374,104,128.28571428571428,34.9
Lehigh,2020-11-19,8996,374,161,135.07142857142858,36.7
Lehigh,2020-11-20,9208,376,212,142.92857142857142,38.8
Lehigh,2020-11-21,9483,376,275,154.71428571428572,42
Lehigh,2020-11-22,9711,379,228,161.35714285714286,43.8
Lehigh,2020-11-23,9926,379,215,169.21428571428572,46
Lehigh,2020-11-24,10104,379,178,174.14285714285714,47.3
Lehigh,2020-11-25,10242,380,138,174.85714285714286,47.5
Lehigh,2020-11-26,10477,381,235,177.71428571428572,48.3
Lehigh,2020-11-27,10707,382,230,179.71428571428572,48.8
Lehigh,2020-11-28,11090,382,383,195.85714285714286,53.2
Lehigh,2020-11-29,11301,382,211,201.21428571428572,54.7
Lehigh,2020-11-30,11425,382,124,198.71428571428572,54
Lehigh,2020-12-01,11534,382,109,200.21428571428572,54.4
Lehigh,2020-12-02,11599,385,65,197.42857142857142,53.6
Lehigh,2020-12-03,11895,387,296,207.07142857142858,56.3
Lehigh,2020-12-04,12114,392,219,207.57142857142858,56.4
Lehigh,2020-12-05,12615,395,501,223.71428571428572,60.8
Lehigh,2020-12-06,13009,399,394,235.57142857142858,64
Lehigh,2020-12-07,13242,400,233,236.85714285714286,64.3
Lehigh,2020-12-08,13526,401,284,244.42857142857142,66.4
Lehigh,2020-12-09,13819,409,293,255.5,69.4
Lehigh,2020-12-10,14090,409,271,258.07142857142856,70.1
Lehigh,2020-12-11,14444,416,354,266.92857142857144,72.5
Lehigh,2020-12-12,14744,422,300,261,70.9
Lehigh,2020-12-13,14991,423,247,263.57142857142856,71.6
Lehigh,2020-12-14,15348,424,357,280.2142857142857,76.1
Lehigh,2020-12-15,15638,424,290,293.14285714285717,79.6
Lehigh,2020-12-16,15828,429,190,302.07142857142856,82.1
Lehigh,2020-12-17,16249,434,421,311,84.5
Lehigh,2020-12-18,16577,435,328,318.7857142857143,86.6
Lehigh,2020-12-19,16800,440,223,298.92857142857144,81.2
Lehigh,2020-12-20,17108,443,308,292.7857142857143,79.5
Lehigh,2020-12-21,17328,444,220,291.85714285714283,79.3
Lehigh,2020-12-22,17701,444,373,298.2142857142857,81
Lehigh,2020-12-23,17956,454,255,295.5,80.3
Lehigh,2020-12-24,18262,460,306,298,81
Lehigh,2020-12-25,18648,468,386,300.2857142857143,81.6
Lehigh,2020-12-26,18915,473,267,297.92857142857144,80.9
Lehigh,2020-12-27,19121,473,206,295,80.1
Lehigh,2020-12-28,19330,479,209,284.42857142857144,77.3
Lehigh,2020-12-29,19505,481,175,276.2142857142857,75
Lehigh,2020-12-30,19750,489,245,280.14285714285717,76.1
Lehigh,2020-12-31,20119,498,369,276.42857142857144,75.1
Lehigh,2021-01-01,20461,503,342,277.42857142857144,75.4
Lehigh,2021-01-02,20747,511,286,281.92857142857144,76.6
Lehigh,2021-01-03,21153,511,406,288.92857142857144,78.5
Lehigh,2021-01-04,21275,513,122,281.92857142857144,76.6
Lehigh,2021-01-05,21458,513,183,268.35714285714283,72.9
Lehigh,2021-01-06,21784,518,326,273.42857142857144,74.3
Lehigh,2021-01-07,22126,528,342,276,75
Lehigh,2021-01-08,22503,536,377,275.35714285714283,74.8
Lehigh,2021-01-09,22904,545,401,284.92857142857144,77.4
Lehigh,2021-01-10,23362,553,458,302.92857142857144,82.3
Lehigh,2021-01-11,23649,556,287,308.5,83.8
Lehigh,2021-01-12,23859,556,210,311,84.5
Lehigh,2021-01-13,24099,564,240,310.64285714285717,84.4
Lehigh,2021-01-14,24450,580,351,309.35714285714283,84
Lehigh,2021-01-15,24698,587,248,302.64285714285717,82.2
Lehigh,2021-01-16,25007,596,309,304.2857142857143,82.7
Lehigh,2021-01-17,25265,603,258,293.7142857142857,79.8
Lehigh,2021-01-18,25485,606,220,300.7142857142857,81.7
Lehigh,2021-01-19,25609,610,124,296.5,80.5
Lehigh,2021-01-20,25816,612,207,288,78.2
Lehigh,2021-01-21,25999,631,183,276.64285714285717,75.2
Lehigh,2021-01-22,26207,637,208,264.57142857142856,71.9
Lehigh,2021-01-23,26430,644,223,251.85714285714286,68.4
Lehigh,2021-01-24,26709,651,279,239.07142857142858,64.9
Lehigh,2021-01-25,26835,652,126,227.57142857142858,61.8
Lehigh,2021-01-26,26918,652,83,218.5,59.4
Lehigh,2021-01-27,27155,661,237,218.28571428571428,59.3
Lehigh,2021-01-28,27337,675,182,206.21428571428572,56
Lehigh,2021-01-29,27665,682,328,211.92857142857142,57.6
Lehigh,2021-01-30,27868,684,203,204.35714285714286,55.5
Lehigh,2021-01-31,28068,687,200,200.21428571428572,54.4
Lehigh,2021-02-01,28188,688,120,193.07142857142858,52.5
Lehigh,2021-02-02,28295,689,107,191.85714285714286,52.1
Lehigh,2021-02-03,28408,690,113,185.14285714285714,50.3
Lehigh,2021-02-04,28477,692,69,177,48.1
Lehigh,2021-02-05,28537,695,60,166.42857142857142,45.2
Lehigh,2021-02-06,28664,701,127,159.57142857142858,43.4
Lehigh,2021-02-07,28803,708,139,149.57142857142858,40.6
Lehigh,2021-02-08,28946,711,143,150.78571428571428,41
Lehigh,2021-02-09,28998,713,52,148.57142857142858,40.4
Lehigh,2021-02-10,29194,717,196,145.64285714285714,39.6
Lehigh,2021-02-11,29267,720,73,137.85714285714286,37.5
Lehigh,2021-02-12,29426,726,159,125.78571428571429,34.2
Lehigh,2021-02-13,29529,730,103,118.64285714285714,32.2
Lehigh,2021-02-14,29645,732,116,112.64285714285714,30.6
Lehigh,2021-02-15,29703,732,58,108.21428571428571,29.4
Lehigh,2021-02-16,29740,733,37,103.21428571428571,28
Lehigh,2021-02-17,29836,733,96,102,27.7
Lehigh,2021-02-18,29934,739,98,104.07142857142857,28.3
Lehigh,2021-02-19,30027,742,93,106.42857142857143,28.9
Lehigh,2021-02-20,30111,743,84,103.35714285714286,28.1
Lehigh,2021-02-21,30191,745,80,99.14285714285714,26.9
Lehigh,2021-02-22,30243,746,52,92.64285714285714,25.2
Lehigh,2021-02-23,30293,746,50,92.5,25.1
Lehigh,2021-02-24,30384,748,91,85,23.1
Lehigh,2021-02-25,30471,755,87,86,23.4
Lehigh,2021-02-26,30544,755,73,79.85714285714286,21.7
Lehigh,2021-02-27,30655,758,111,80.42857142857143,21.8
Lehigh,2021-02-28,30749,758,94,78.85714285714286,21.4
Lehigh,2021-03-01,30809,759,60,79,21.5
Lehigh,2021-03-02,30866,761,57,80.42857142857143,21.8
Lehigh,2021-03-03,30949,768,83,79.5,21.6
Lehigh,2021-03-04,31026,773,77,78,21.2
Lehigh,2021-03-05,31126,775,100,78.5,21.3
Lehigh,2021-03-06,31196,777,70,77.5,21.1
Lehigh,2021-03-07,31277,780,81,77.57142857142857,21.1
Lehigh,2021-03-08,31320,780,43,76.92857142857143,20.9
Lehigh,2021-03-09,31361,780,41,76.28571428571429,20.7
Lehigh,2021-03-10,31439,780,78,75.35714285714286,20.5
Lehigh,2021-03-11,31526,782,87,75.35714285714286,20.5
Lehigh,2021-03-12,31633,786,107,77.78571428571429,21.1
Lehigh,2021-03-13,31737,787,104,77.28571428571429,21
Lehigh,2021-03-14,31848,787,111,78.5,21.3
Lehigh,2021-03-15,31920,787,72,79.35714285714286,21.6
Lehigh,2021-03-16,31982,788,62,79.71428571428571,21.7
Lehigh,2021-03-17,32100,792,118,82.21428571428571,22.3
Lehigh,2021-03-18,32192,796,92,83.28571428571429,22.6
Lehigh,2021-03-19,32295,796,103,83.5,22.7
Lehigh,2021-03-20,32461,797,166,90.35714285714286,24.5
Lehigh,2021-03-21,32596,797,135,94.21428571428571,25.6
Lehigh,2021-03-22,32669,799,73,96.35714285714286,26.2
Lehigh,2021-03-23,32743,799,74,98.71428571428571,26.8
Lehigh,2021-03-24,32897,800,154,104.14285714285714,28.3
Lehigh,2021-03-25,33067,802,170,110.07142857142857,29.9
Lehigh,2021-03-26,33228,803,161,113.92857142857143,31
Lehigh,2021-03-27,33397,804,169,118.57142857142857,32.2
Lehigh,2021-03-28,33568,804,171,122.85714285714286,33.4
Lehigh,2021-03-29,33681,804,113,125.78571428571429,34.2
Lehigh,2021-03-30,33759,804,78,126.92857142857143,34.5
Lehigh,2021-03-31,33981,805,222,134.35714285714286,36.5
Lehigh,2021-04-01,34130,806,149,138.42857142857142,37.6
Lehigh,2021-04-02,34292,806,162,142.64285714285714,38.8
Lehigh,2021-04-03,34437,806,145,141.14285714285714,38.3
Lehigh,2021-04-04,34670,808,233,148.14285714285714,40.2
Lehigh,2021-04-05,34763,808,93,149.57142857142858,40.6
Lehigh,2021-04-06,34875,808,112,152.28571428571428,41.4
Lehigh,2021-04-07,35027,811,152,152.14285714285714,41.3
Lehigh,2021-04-08,35172,811,145,150.35714285714286,40.8
Lehigh,2021-04-09,35312,811,140,148.85714285714286,40.4
Lehigh,2021-04-10,35521,812,209,151.71428571428572,41.2
Lehigh,2021-04-11,35690,812,169,151.57142857142858,41.2
Lehigh,2021-04-12,35778,812,88,149.78571428571428,40.7
Lehigh,2021-04-13,35858,812,80,149.92857142857142,40.7
Lehigh,2021-04-14,36115,814,257,152.42857142857142,41.4
Lehigh,2021-04-15,36257,814,142,151.92857142857142,41.3
Lehigh,2021-04-16,36417,814,160,151.78571428571428,41.2
Lehigh,2021-04-17,36598,818,181,154.35714285714286,41.9
Lehigh,2021-04-18,36728,818,130,147,39.9
Lehigh,2021-04-19,36792,820,64,144.92857142857142,39.4
Lehigh,2021-04-20,36854,820,62,141.35714285714286,38.4
Lehigh,2021-04-21,37051,823,197,144.57142857142858,39.3
Lehigh,2021-04-22,37160,824,109,142,38.6
Lehigh,2021-04-23,37317,824,157,143.21428571428572,38.9
Lehigh,2021-04-24,37474,825,157,139.5,37.9
Lehigh,2021-04-25,37649,826,175,139.92857142857142,38
Lehigh,2021-04-26,37724,826,75,139,37.8
Lehigh,2021-04-27,37782,826,58,137.42857142857142,37.3
Lehigh,2021-04-28,37871,830,89,125.42857142857143,34.1
Lehigh,2021-04-29,37969,831,98,122.28571428571429,33.2
Lehigh,2021-04-30,38090,834,121,119.5,32.5
Lehigh,2021-05-01,38309,834,219,122.21428571428571,33.2
Lehigh,2021-05-02,38413,835,104,120.35714285714286,32.7
Lehigh,2021-05-03,38474,837,61,120.14285714285714,32.6
Lehigh,2021-05-04,38516,837,42,118.71428571428571,32.3
Lehigh,2021-05-05,38610,839,94,111.35714285714286,30.3
Lehigh,2021-05-06,38682,841,72,108.71428571428571,29.5
Lehigh,2021-05-07,38741,842,59,101.71428571428571,27.6
Lehigh,2021-05-08,38866,844,125,99.42857142857143,27
Lehigh,2021-05-09,38908,844,42,89.92857142857143,24.4
Lehigh,2021-05-10,38952,844,44,87.71428571428571,23.8
Lehigh,2021-05-11,38977,844,25,85.35714285714286,23.2
Lehigh,2021-05-12,39060,846,83,84.92857142857143,23.1
Lehigh,2021-05-13,39109,846,49,81.42857142857143,22.1
Lehigh,2021-05-14,39166,847,57,76.85714285714286,20.9
Lehigh,2021-05-15,39224,847,58,65.35714285714286,17.8
Lehigh,2021-05-16,39275,849,51,61.57142857142857,16.7
Lehigh,2021-05-17,39295,850,20,58.642857142857146,15.9
Lehigh,2021-05-18,39314,850,19,57,15.5
Lehigh,2021-05-19,39363,850,49,53.785714285714285,14.6
Lehigh,2021-05-20,39392,850,29,50.714285714285715,13.8
Lehigh,2021-05-21,39464,851,72,51.642857142857146,14
Lehigh,2021-05-22,39547,851,83,48.642857142857146,13.2
Lehigh,2021-05-23,39600,851,53,49.42857142857143,13.4
Lehigh,2021-05-24,39620,851,20,47.714285714285715,13
Lehigh,2021-05-25,39640,851,20,47.357142857142854,12.9
Lehigh,2021-05-26,39670,853,30,43.57142857142857,11.8
Lehigh,2021-05-27,39699,853,29,42.142857142857146,11.4
Lehigh,2021-05-28,39737,853,38,40.785714285714285,11.1
Lehigh,2021-05-29,39764,853,27,38.57142857142857,10.5
Lehigh,2021-05-30,39781,853,17,36.142857142857146,9.8
Lehigh,2021-05-31,39794,853,13,35.642857142857146,9.7
Lehigh,2021-06-01,39811,853,17,35.5,9.6
Lehigh,2021-06-02,39818,853,7,32.5,8.8
Lehigh,2021-06-03,39826,856,8,31,8.4
Lehigh,2021-06-04,39846,856,20,27.285714285714285,7.4
Lehigh,2021-06-05,39864,858,18,22.642857142857142,6.2
Lehigh,2021-06-06,39878,858,14,19.857142857142858,5.4
Lehigh,2021-06-07,39887,858,9,19.071428571428573,5.2
Lehigh,2021-06-08,39897,858,10,18.357142857142858,5
Lehigh,2021-06-09,39920,859,23,17.857142857142858,4.9
Lehigh,2021-06-10,39929,860,9,16.428571428571427,4.5
Lehigh,2021-06-11,39938,861,9,14.357142857142858,3.9
Lehigh,2021-06-12,39954,861,16,13.571428571428571,3.7
Lehigh,2021-06-13,39961,861,7,12.857142857142858,3.5
Lehigh,2021-06-14,39965,861,4,12.214285714285714,3.3
Lehigh,2021-06-15,39974,861,9,11.642857142857142,3.2
Lehigh,2021-06-16,39986,861,12,12,3.3
Lehigh,2021-06-17,39993,861,7,11.928571428571429,3.2
Lehigh,2021-06-18,40000,861,7,11,3
Lehigh,2021-06-19,40002,861,2,9.857142857142858,2.7
Lehigh,2021-06-20,40007,861,5,9.214285714285714,2.5
Lehigh,2021-06-21,40012,861,5,8.928571428571429,2.4
Lehigh,2021-06-22,40018,861,6,8.642857142857142,2.3
Lehigh,2021-06-23,40026,861,8,7.571428571428571,2.1
Lehigh,2021-06-24,40033,861,7,7.428571428571429,2
Lehigh,2021-06-25,40042,861,9,7.428571428571429,2
Lehigh,2021-06-26,40046,861,4,6.571428571428571,1.8
Lehigh,2021-06-27,40050,861,4,6.357142857142857,1.7
Lehigh,2021-06-28,40050,861,0,6.071428571428571,1.6
Lehigh,2021-06-29,40051,861,1,5.5,1.5
Lehigh,2021-06-30,40054,861,3,4.857142857142857,1.3
Lehigh,2021-07-01,40061,861,7,4.857142857142857,1.3
Lehigh,2021-07-02,40066,861,5,4.714285714285714,1.3
Lehigh,2021-07-03,40073,861,7,5.071428571428571,1.4
Lehigh,2021-07-04,40080,862,7,5.214285714285714,1.4
Lehigh,2021-07-05,40084,862,4,5.142857142857143,1.4
Lehigh,2021-07-06,40086,862,2,4.857142857142857,1.3
Lehigh,2021-07-07,40089,862,3,4.5,1.2
Lehigh,2021-07-08,40097,863,8,4.571428571428571,1.2
Lehigh,2021-07-09,40106,863,9,4.571428571428571,1.2
Lehigh,2021-07-10,40113,863,7,4.785714285714286,1.3
Lehigh,2021-07-11,40125,863,12,5.357142857142857,1.5
Lehigh,2021-07-12,40138,863,13,6.285714285714286,1.7
Lehigh,2021-07-13,40143,863,5,6.571428571428571,1.8
Lehigh,2021-07-14,40152,863,9,7,1.9
Lehigh,2021-07-15,40166,863,14,7.5,2
Lehigh,2021-07-16,40176,864,10,7.857142857142857,2.1
Lehigh,2021-07-17,40190,864,14,8.357142857142858,2.3
Lehigh,2021-07-18,40208,864,18,9.142857142857142,2.5
Lehigh,2021-07-19,40221,864,13,9.785714285714286,2.7
Lehigh,2021-07-20,40234,864,13,10.571428571428571,2.9
Lehigh,2021-07-21,40255,864,21,11.857142857142858,3.2
Lehigh,2021-07-22,40276,865,21,12.785714285714286,3.5
Lehigh,2021-07-23,40291,865,15,13.214285714285714,3.6
Lehigh,2021-07-24,40317,865,26,14.571428571428571,4
Lehigh,2021-07-25,40339,865,22,15.285714285714286,4.2
Lehigh,2021-07-26,40357,865,18,15.642857142857142,4.2
Lehigh,2021-07-27,40371,865,14,16.285714285714285,4.4
Lehigh,2021-07-28,40392,865,21,17.142857142857142,4.7
Lehigh,2021-07-29,40412,866,20,17.571428571428573,4.8
Lehigh,2021-07-30,40445,866,33,19.214285714285715,5.2
Lehigh,2021-07-31,40483,867,38,20.928571428571427,5.7
Lehigh,2021-08-01,40512,867,29,21.714285714285715,5.9
Lehigh,2021-08-02,40538,868,26,22.642857142857142,6.2
Lehigh,2021-08-03,40564,868,26,23.571428571428573,6.4
Lehigh,2021-08-04,40614,870,50,25.642857142857142,7
Lehigh,2021-08-05,40664,871,50,27.714285714285715,7.5
Lehigh,2021-08-06,40727,871,63,31.142857142857142,8.5
Lehigh,2021-08-07,40796,871,69,34.214285714285715,9.3
Lehigh,2021-08-08,40865,872,69,37.57142857142857,10.2
Lehigh,2021-08-09,40900,872,35,38.785714285714285,10.5
Lehigh,2021-08-10,40935,872,35,40.285714285714285,10.9
Lehigh,2021-08-11,41023,872,88,45.07142857142857,12.2
Lehigh,2021-08-12,41099,873,76,49.07142857142857,13.3
Lehigh,2021-08-13,41175,873,76,52.142857142857146,14.2
Lehigh,2021-08-14,41238,874,63,53.92857142857143,14.7
Lehigh,2021-08-15,41310,874,72,57,15.5
Lehigh,2021-08-16,41368,874,58,59.285714285714285,16.1
Lehigh,2021-08-17,41439,874,71,62.5,17
Lehigh,2021-08-18,41548,874,109,66.71428571428571,18.1
Lehigh,2021-08-19,41635,875,87,69.35714285714286,18.8
Lehigh,2021-08-20,41743,875,108,72.57142857142857,19.7
Lehigh,2021-08-21,41831,875,88,73.92857142857143,20.1
Lehigh,2021-08-22,41928,875,97,75.92857142857143,20.6
Lehigh,2021-08-23,41996,875,68,78.28571428571429,21.3
Lehigh,2021-08-24,42069,875,73,81,22
Lehigh,2021-08-25,42211,875,142,84.85714285714286,23.1
Lehigh,2021-08-26,42374,878,163,91.07142857142857,24.7
Lehigh,2021-08-27,42471,879,97,92.57142857142857,25.1
Lehigh,2021-08-28,42625,879,154,99.07142857142857,26.9
Lehigh,2021-08-29,42736,880,111,101.85714285714286,27.7
Lehigh,2021-08-30,42783,880,47,101.07142857142857,27.5
Lehigh,2021-08-31,42836,880,53,99.78571428571429,27.1
Lehigh,2021-09-01,42925,880,89,98.35714285714286,26.7
Lehigh,2021-09-02,43074,880,149,102.78571428571429,27.9
Lehigh,2021-09-03,43216,883,142,105.21428571428571,28.6
Lehigh,2021-09-04,43374,883,158,110.21428571428571,29.9
Lehigh,2021-09-05,43527,883,153,114.21428571428571,31
Lehigh,2021-09-06,43601,883,74,114.64285714285714,31.1
Lehigh,2021-09-07,43661,883,60,113.71428571428571,30.9
Lehigh,2021-09-08,43700,883,39,106.35714285714286,28.9
Lehigh,2021-09-09,43799,883,99,101.78571428571429,27.7
Lehigh,2021-09-10,43980,885,181,107.78571428571429,29.3
Lehigh,2021-09-11,44155,886,175,109.28571428571429,29.7
Lehigh,2021-09-12,44319,887,164,113.07142857142857,30.7
Lehigh,2021-09-13,44390,887,71,114.78571428571429,31.2
Lehigh,2021-09-14,44464,887,74,116.28571428571429,31.6
Lehigh,2021-09-15,44580,889,116,118.21428571428571,32.1
Lehigh,2021-09-16,44690,891,110,115.42857142857143,31.4
Lehigh,2021-09-17,44833,891,143,115.5,31.4
Lehigh,2021-09-18,45009,891,176,116.78571428571429,31.7
Lehigh,2021-09-19,45123,892,114,114,31
Lehigh,2021-09-20,45221,895,98,115.71428571428571,31.4
Lehigh,2021-09-21,45300,895,79,117.07142857142857,31.8
Lehigh,2021-09-22,45433,897,133,123.78571428571429,33.6
Lehigh,2021-09-23,45562,897,129,125.92857142857143,34.2
Lehigh,2021-09-24,45709,897,147,123.5,33.6
Lehigh,2021-09-25,45834,897,125,119.92857142857143,32.6
Lehigh,2021-09-26,45955,898,121,116.85714285714286,31.7
Lehigh,2021-09-27,46024,898,69,116.71428571428571,31.7
Lehigh,2021-09-28,46071,898,47,114.78571428571429,31.2
Lehigh,2021-09-29,46160,901,89,112.85714285714286,30.7
Lehigh,2021-09-30,46248,905,88,111.28571428571429,30.2
Lehigh,2021-10-01,46373,907,125,110,29.9
Lehigh,2021-10-02,46451,910,78,103,28
Lehigh,2021-10-03,46541,910,90,101.28571428571429,27.5
Lehigh,2021-10-04,46678,911,137,104.07142857142857,28.3
Lehigh,2021-10-05,46769,911,91,104.92857142857143,28.5
Lehigh,2021-10-06,46881,912,112,103.42857142857143,28.1
Lehigh,2021-10-07,46958,914,77,99.71428571428571,27.1
Lehigh,2021-10-08,47086,914,128,98.35714285714286,26.7
Lehigh,2021-10-09,47230,915,144,99.71428571428571,27.1
Lehigh,2021-10-10,47332,915,102,98.35714285714286,26.7
Lehigh,2021-10-11,47404,915,72,98.57142857142857,26.8
Lehigh,2021-10-12,47460,915,56,99.21428571428571,27
Lehigh,2021-10-13,47562,918,102,100.14285714285714,27.2
Lehigh,2021-10-14,47620,918,58,98,26.6
Lehigh,2021-10-15,47752,922,132,98.5,26.8
Lehigh,2021-10-16,47825,922,73,98.14285714285714,26.7
Lehigh,2021-10-17,47918,922,93,98.35714285714286,26.7
Lehigh,2021-10-18,47978,922,60,92.85714285714286,25.2
Lehigh,2021-10-19,48007,924,29,88.42857142857143,24
Lehigh,2021-10-20,48080,925,73,85.64285714285714,23.3
Lehigh,2021-10-21,48151,930,71,85.21428571428571,23.1
Lehigh,2021-10-22,48247,932,96,82.92857142857143,22.5
Lehigh,2021-10-23,48346,933,99,79.71428571428571,21.7
Lehigh,2021-10-24,48426,933,80,78.14285714285714,21.2
Lehigh,2021-10-25,48480,933,54,76.85714285714286,20.9
Lehigh,2021-10-26,48531,933,51,76.5,20.8
Lehigh,2021-10-27,48588,936,57,73.28571428571429,19.9
Lehigh,2021-10-28,48651,937,63,73.64285714285714,20
Lehigh,2021-10-29,48739,937,88,70.5,19.2
Lehigh,2021-10-30,48851,938,112,73.28571428571429,19.9
Lehigh,2021-10-31,48916,938,65,71.28571428571429,19.4
Lehigh,2021-11-01,48997,939,81,72.78571428571429,19.8
Lehigh,2021-11-02,49047,939,50,74.28571428571429,20.2
Lehigh,2021-11-03,49134,939,87,75.28571428571429,20.5
Lehigh,2021-11-04,49186,943,52,73.92857142857143,20.1
Lehigh,2021-11-05,49304,944,118,75.5,20.5
Lehigh,2021-11-06,49361,945,57,72.5,19.7
Lehigh,2021-11-07,49450,946,89,73.14285714285714,19.9
Lehigh,2021-11-08,49537,946,87,75.5,20.5
Lehigh,2021-11-09,49580,947,43,74.92857142857143,20.4
Lehigh,2021-11-10,49676,947,96,77.71428571428571,21.1
Lehigh,2021-11-11,49767,950,91,79.71428571428571,21.7
Lehigh,2021-11-12,49900,951,133,82.92857142857143,22.5
Lehigh,2021-11-13,50010,951,110,82.78571428571429,22.5
Lehigh,2021-11-14,50154,953,144,88.42857142857143,24
Lehigh,2021-11-15,50264,953,110,90.5,24.6
Lehigh,2021-11-16,50329,953,65,91.57142857142857,24.9
Lehigh,2021-11-17,50486,953,157,96.57142857142857,26.2
Lehigh,2021-11-18,50662,955,176,105.42857142857143,28.6
Lehigh,2021-11-19,50839,957,177,109.64285714285714,29.8
Lehigh,2021-11-20,51023,957,184,118.71428571428571,32.3
Lehigh,2021-11-21,51176,957,153,123.28571428571429,33.5
Lehigh,2021-11-22,51318,957,142,127.21428571428571,34.6
Lehigh,2021-11-23,51454,957,136,133.85714285714286,36.4
Lehigh,2021-11-24,51670,958,216,142.42857142857142,38.7
Lehigh,2021-11-25,51852,958,182,148.92857142857142,40.5
Lehigh,2021-11-26,52025,961,173,151.78571428571428,41.2
Lehigh,2021-11-27,52272,961,247,161.57142857142858,43.9
Lehigh,2021-11-28,52411,961,139,161.21428571428572,43.8
Lehigh,2021-11-29,52620,961,209,168.28571428571428,45.7
Lehigh,2021-11-30,52782,961,162,175.21428571428572,47.6
Lehigh,2021-12-01,52965,963,183,177.07142857142858,48.1
Lehigh,2021-12-02,53173,963,208,179.35714285714286,48.7
Lehigh,2021-12-03,53487,967,314,189.14285714285714,51.4
Lehigh,2021-12-04,53771,968,284,196.28571428571428,53.3
Lehigh,2021-12-05,54159,971,388,213.07142857142858,57.9
Lehigh,2021-12-06,54391,972,232,219.5,59.6
Lehigh,2021-12-07,54625,976,234,226.5,61.5
Lehigh,2021-12-08,54835,981,210,226.07142857142858,61.4
Lehigh,2021-12-09,55038,982,203,227.57142857142858,61.8
Lehigh,2021-12-10,55238,982,200,229.5,62.3
Lehigh,2021-12-11,55725,985,487,246.64285714285714,67
Lehigh,2021-12-12,56202,991,477,270.7857142857143,73.6
Lehigh,2021-12-13,56526,991,324,279,75.8
Lehigh,2021-12-14,56795,991,269,286.64285714285717,77.9
Lehigh,2021-12-15,57085,994,290,294.2857142857143,79.9
Lehigh,2021-12-16,57358,998,273,298.92857142857144,81.2
Lehigh,2021-12-17,57650,1002,292,297.35714285714283,80.8
Lehigh,2021-12-18,57909,1002,259,295.57142857142856,80.3
Lehigh,2021-12-19,58253,1009,344,292.42857142857144,79.4
Lehigh,2021-12-20,58502,1010,249,293.64285714285717,79.8
Lehigh,2021-12-21,58738,1010,236,293.7857142857143,79.8
Lehigh,2021-12-22,58993,1012,255,297,80.7
Lehigh,2021-12-23,59271,1021,278,302.35714285714283,82.1
Lehigh,2021-12-24,59662,1029,391,316,85.8
Lehigh,2021-12-25,60027,1032,365,307.2857142857143,83.5
Lehigh,2021-12-26,60424,1032,397,301.57142857142856,81.9
Lehigh,2021-12-27,60848,1032,424,308.7142857142857,83.9
Lehigh,2021-12-28,61129,1032,281,309.57142857142856,84.1
Lehigh,2021-12-29,61824,1033,695,338.5,92
Lehigh,2021-12-30,62360,1045,536,357.2857142857143,97.1
Lehigh,2021-12-31,62899,1047,539,374.92857142857144,101.9
Lehigh,2022-01-01,63964,1047,1065,432.5,117.5
Lehigh,2022-01-02,64637,1047,673,456,123.9
Lehigh,2022-01-03,65466,1047,829,497.42857142857144,135.1
Lehigh,2022-01-04,66613,1049,1147,562.5,152.8
Lehigh,2022-01-05,67438,1054,825,603.2142857142857,163.9
Lehigh,2022-01-06,68397,1055,959,651.8571428571429,177.1
Lehigh,2022-01-07,69438,1066,1041,698.2857142857143,189.7
Lehigh,2022-01-08,70687,1071,1249,761.4285714285714,206.9
Lehigh,2022-01-09,72327,1075,1640,850.2142857142857,231
Lehigh,2022-01-10,73591,1076,1264,910.2142857142857,247.3
Lehigh,2022-01-11,75139,1077,1548,1000.7142857142857,271.9
Lehigh,2022-01-12,76767,1083,1628,1067.357142857143,290
Lehigh,2022-01-13,78188,1092,1421,1130.5714285714287,307.1
Lehigh,2022-01-14,79301,1097,1113,1171.5714285714287,318.3
Lehigh,2022-01-15,80215,1101,914,1160.7857142857142,315.3
Lehigh,2022-01-16,80779,1108,564,1153,313.2
Lehigh,2022-01-17,82120,1108,1341,1189.5714285714287,323.2
Lehigh,2022-01-18,82488,1108,368,1133.9285714285713,308
Lehigh,2022-01-19,82766,1109,278,1094.857142857143,297.4
Lehigh,2022-01-20,83194,1109,428,1056.9285714285713,287.1
Lehigh,2022-01-21,83616,1126,422,1012.7142857142857,275.1
Lehigh,2022-01-22,84113,1133,497,959,260.5
Lehigh,2022-01-23,84612,1137,499,877.5,238.4
Lehigh,2022-01-24,84946,1139,334,811.0714285714286,220.3
Lehigh,2022-01-25,85096,1139,150,711.2142857142857,193.2
Lehigh,2022-01-26,85361,1141,265,613.8571428571429,166.8
Lehigh,2022-01-27,85673,1143,312,534.6428571428571,145.2
Lehigh,2022-01-28,86118,1152,445,486.92857142857144,132.3
Lehigh,2022-01-29,86489,1155,371,448.14285714285717,121.7
Lehigh,2022-01-30,86662,1160,173,420.2142857142857,114.2
Lehigh,2022-01-31,86820,1161,158,335.7142857142857,91.2
Lehigh,2022-02-01,86931,1161,111,317.35714285714283,86.2
Lehigh,2022-02-02,87011,1166,80,303.2142857142857,82.4
Lehigh,2022-02-03,87174,1170,163,284.2857142857143,77.2
Lehigh,2022-02-04,87337,1177,163,265.7857142857143,72.2
Lehigh,2022-02-05,87510,1178,173,242.64285714285714,65.9
Lehigh,2022-02-06,87690,1181,180,219.85714285714286,59.7
Lehigh,2022-02-07,87771,1181,81,201.78571428571428,54.8
Lehigh,2022-02-08,88015,1182,244,208.5,56.6
Lehigh,2022-02-09,87805,1185,-210,174.57142857142858,47.4
Lehigh,2022-02-10,87898,1189,93,158.92857142857142,43.2
Lehigh,2022-02-11,88000,1193,102,134.42857142857142,36.5
Lehigh,2022-02-12,88101,1195,101,115.14285714285714,31.3
Lehigh,2022-02-13,88195,1196,94,109.5,29.7
Lehigh,2022-02-14,88227,1196,32,100.5,27.3
Lehigh,2022-02-15,88266,1198,39,95.35714285714286,25.9
Lehigh,2022-02-16,88309,1205,43,92.71428571428571,25.2
Lehigh,2022-02-17,88350,1209,41,84,22.8
Lehigh,2022-02-18,88420,1210,70,77.35714285714286,21
Lehigh,2022-02-19,88461,1211,41,67.92857142857143,18.5
Lehigh,2022-02-20,88560,1211,99,62.142857142857146,16.9
Lehigh,2022-02-21,88584,1212,24,58.07142857142857,15.8
Lehigh,2022-02-22,88584,1212,0,40.642857142857146,11
Lehigh,2022-02-23,88625,1212,41,58.57142857142857,15.9
Lehigh,2022-02-24,88651,1212,26,53.785714285714285,14.6
Lehigh,2022-02-25,88686,1214,35,49,13.3
Lehigh,2022-02-26,88721,1217,35,44.285714285714285,12
Lehigh,2022-02-27,88749,1218,28,39.57142857142857,10.8
Lehigh,2022-02-28,88760,1218,11,38.07142857142857,10.3
Lehigh,2022-03-01,88773,1218,13,36.214285714285715,9.8
Lehigh,2022-03-02,88793,1224,20,34.57142857142857,9.4
Lehigh,2022-03-03,88812,1226,19,33,9
Lehigh,2022-03-04,88836,1227,24,29.714285714285715,8.1
Lehigh,2022-03-05,88861,1227,25,28.571428571428573,7.8
Lehigh,2022-03-06,88875,1227,14,22.5,6.1
Lehigh,2022-03-07,88886,1227,11,21.571428571428573,5.9
Lehigh,2022-03-08,88899,1227,13,22.5,6.1
Lehigh,2022-03-09,88919,1228,20,21,5.7
Lehigh,2022-03-10,88933,1228,14,20.142857142857142,5.5
Lehigh,2022-03-11,88960,1228,27,19.571428571428573,5.3
Lehigh,2022-03-12,88974,1228,14,18.071428571428573,4.9
Lehigh,2022-03-13,88994,1228,20,17.5,4.8
Lehigh,2022-03-14,89002,1228,8,17.285714285714285,4.7
Lehigh,2022-03-15,89009,1228,7,16.857142857142858,4.6
Lehigh,2022-03-16,89016,1228,7,15.928571428571429,4.3
Lehigh,2022-03-17,89030,1228,14,15.571428571428571,4.2
Lehigh,2022-03-18,89049,1229,19,15.214285714285714,4.1
Lehigh,2022-03-19,89064,1229,15,14.5,3.9
Lehigh,2022-03-20,89076,1229,12,14.357142857142858,3.9
Lehigh,2022-03-21,89083,1229,7,14.071428571428571,3.8
Lehigh,2022-03-22,89090,1229,7,13.642857142857142,3.7
Lehigh,2022-03-23,89095,1229,5,12.571428571428571,3.4
Lehigh,2022-03-24,89107,1230,12,12.428571428571429,3.4
Lehigh,2022-03-25,89138,1230,31,12.714285714285714,3.5
Lehigh,2022-03-26,89159,1230,21,13.214285714285714,3.6
Lehigh,2022-03-27,89175,1230,16,12.928571428571429,3.5
Lehigh,2022-03-28,89179,1230,4,12.642857142857142,3.4
Lehigh,2022-03-29,89190,1230,11,12.928571428571429,3.5
Lehigh,2022-03-30,89209,1230,19,13.785714285714286,3.7
Lehigh,2022-03-31,89223,1232,14,13.785714285714286,3.7
Lehigh,2022-04-01,89251,1232,28,14.428571428571429,3.9
Lehigh,2022-04-02,89280,1233,29,15.428571428571429,4.2
Lehigh,2022-04-03,89297,1234,17,15.785714285714286,4.3
Lehigh,2022-04-04,89297,1234,0,15.285714285714286,4.2
Lehigh,2022-04-05,89321,1234,24,16.5,4.5
Northampton,2020-01-23,0,0,0,0,0
Northampton,2020-01-24,0,0,0,0,0
Northampton,2020-01-25,0,0,0,0,0
Northampton,2020-01-26,0,0,0,0,0
Northampton,2020-01-27,0,0,0,0,0
Northampton,2020-01-28,0,0,0,0,0
Northampton,2020-01-29,0,0,0,0,0
Northampton,2020-01-30,0,0,0,0,0
Northampton,2020-01-31,0,0,0,0,0
Northampton,2020-02-01,0,0,0,0,0
Northampton,2020-02-02,0,0,0,0,0
Northampton,2020-02-03,0,0,0,0,0
Northampton,2020-02-04,0,0,0,0,0
Northampton,2020-02-05,0,0,0,0,0
Northampton,2020-02-06,0,0,0,0,0
Northampton,2020-02-07,0,0,0,0,0
Northampton,2020-02-08,0,0,0,0,0
Northampton,2020-02-09,0,0,0,0,0
Northampton,2020-02-10,0,0,0,0,0
Northampton,2020-02-11,0,0,0,0,0
Northampton,2020-02-12,0,0,0,0,0
Northampton,2020-02-13,0,0,0,0,0
Northampton,2020-02-14,0,0,0,0,0
Northampton,2020-02-15,0,0,0,0,0
Northampton,2020-02-16,0,0,0,0,0
Northampton,2020-02-17,0,0,0,0,0
Northampton,2020-02-18,0,0,0,0,0
Northampton,2020-02-19,0,0,0,0,0
Northampton,2020-02-20,0,0,0,0,0
Northampton,2020-02-21,0,0,0,0,0
Northampton,2020-02-22,0,0,0,0,0
Northampton,2020-02-23,0,0,0,0,0
Northampton,2020-02-24,0,0,0,0,0
Northampton,2020-02-25,0,0,0,0,0
Northampton,2020-02-26,0,0,0,0,0
Northampton,2020-02-27,0,0,0,0,0
Northampton,2020-02-28,0,0,0,0,0
Northampton,2020-02-29,0,0,0,0,0
Northampton,2020-03-01,0,0,0,0,0
Northampton,2020-03-02,0,0,0,0,0
Northampton,2020-03-03,0,0,0,0,0
Northampton,2020-03-04,0,0,0,0,0
Northampton,2020-03-05,0,0,0,0,0
Northampton,2020-03-06,0,0,0,0,0
Northampton,2020-03-07,0,0,0,0,0
Northampton,2020-03-08,0,0,0,0,0
Northampton,2020-03-09,0,0,0,0,0
Northampton,2020-03-10,0,0,0,0,0
Northampton,2020-03-11,0,0,0,0,0
Northampton,2020-03-12,0,0,0,0,0
Northampton,2020-03-13,1,0,1,0.07142857142857142,0
Northampton,2020-03-14,1,0,0,0.07142857142857142,0
Northampton,2020-03-15,1,0,0,0.07142857142857142,0
Northampton,2020-03-16,1,0,0,0.07142857142857142,0
Northampton,2020-03-17,1,0,0,0.07142857142857142,0
Northampton,2020-03-18,1,0,0,0.07142857142857142,0
Northampton,2020-03-19,1,1,0,0.07142857142857142,0
Northampton,2020-03-20,5,1,4,0.35714285714285715,0.1
Northampton,2020-03-21,10,1,5,0.7142857142857143,0.2
Northampton,2020-03-22,17,1,7,1.2142857142857142,0.4
Northampton,2020-03-23,21,1,4,1.5,0.5
Northampton,2020-03-24,23,2,2,1.6428571428571428,0.5
Northampton,2020-03-25,33,2,10,2.357142857142857,0.8
Northampton,2020-03-26,44,3,11,3.142857142857143,1
Northampton,2020-03-27,56,3,12,3.9285714285714284,1.3
Northampton,2020-03-28,79,3,23,5.571428571428571,1.8
Northampton,2020-03-29,94,4,15,6.642857142857143,2.2
Northampton,2020-03-30,126,4,32,8.928571428571429,2.9
Northampton,2020-03-31,184,5,58,13.071428571428571,4.3
Northampton,2020-04-01,245,5,61,17.428571428571427,5.7
Northampton,2020-04-02,315,5,70,22.428571428571427,7.4
Northampton,2020-04-03,388,9,73,27.357142857142858,9
Northampton,2020-04-04,467,10,79,32.642857142857146,10.7
Northampton,2020-04-05,592,11,125,41.07142857142857,13.5
Northampton,2020-04-06,639,11,47,44.142857142857146,14.5
Northampton,2020-04-07,722,12,83,49.92857142857143,16.4
Northampton,2020-04-08,775,14,53,53,17.4
Northampton,2020-04-09,864,17,89,58.57142857142857,19.2
Northampton,2020-04-10,955,20,91,64.21428571428571,21.1
Northampton,2020-04-11,1009,21,54,66.42857142857143,21.8
Northampton,2020-04-12,1044,23,35,67.85714285714286,22.3
Northampton,2020-04-13,1087,23,43,68.64285714285714,22.5
Northampton,2020-04-14,1145,23,58,68.64285714285714,22.5
Northampton,2020-04-15,1181,25,36,66.85714285714286,21.9
Northampton,2020-04-16,1256,25,75,67.21428571428571,22.1
Northampton,2020-04-17,1297,25,41,64.92857142857143,21.3
Northampton,2020-04-18,1344,27,47,62.642857142857146,20.6
Northampton,2020-04-19,1402,29,58,57.857142857142854,19
Northampton,2020-04-20,1446,36,44,57.642857142857146,18.9
Northampton,2020-04-21,1469,36,23,53.357142857142854,17.5
Northampton,2020-04-22,1542,43,73,54.785714285714285,18
Northampton,2020-04-23,1591,44,49,51.92857142857143,17
Northampton,2020-04-24,1660,45,69,50.357142857142854,16.5
Northampton,2020-04-25,1721,46,61,50.857142857142854,16.7
Northampton,2020-04-26,1781,49,60,52.642857142857146,17.3
Northampton,2020-04-27,1815,49,34,52,17.1
Northampton,2020-04-28,1841,49,26,49.714285714285715,16.3
Northampton,2020-04-29,1971,55,130,56.42857142857143,18.5
Northampton,2020-04-30,2006,85,35,53.57142857142857,17.6
Northampton,2020-05-01,2048,94,42,53.642857142857146,17.6
Northampton,2020-05-02,2116,94,68,55.142857142857146,18.1
Northampton,2020-05-03,2179,94,63,55.5,18.2
Northampton,2020-05-04,2210,94,31,54.57142857142857,17.9
Northampton,2020-05-05,2237,94,27,54.857142857142854,18
Northampton,2020-05-06,2275,117,38,52.357142857142854,17.2
Northampton,2020-05-07,2312,122,37,51.5,16.9
Northampton,2020-05-08,2351,152,39,49.357142857142854,16.2
Northampton,2020-05-09,2388,153,37,47.642857142857146,15.6
Northampton,2020-05-10,2422,158,34,45.785714285714285,15
Northampton,2020-05-11,2449,158,27,45.285714285714285,14.9
Northampton,2020-05-12,2460,160,11,44.214285714285715,14.5
Northampton,2020-05-13,2489,161,29,37,12.1
Northampton,2020-05-14,2510,162,21,36,11.8
Northampton,2020-05-15,2554,182,44,36.142857142857146,11.9
Northampton,2020-05-16,2605,196,51,34.92857142857143,11.5
Northampton,2020-05-17,2664,196,59,34.642857142857146,11.4
Northampton,2020-05-18,2703,199,39,35.214285714285715,11.6
Northampton,2020-05-19,2726,171,23,34.92857142857143,11.5
Northampton,2020-05-20,2741,176,15,33.285714285714285,10.9
Northampton,2020-05-21,2764,182,23,32.285714285714285,10.6
Northampton,2020-05-22,2794,186,30,31.642857142857142,10.4
Northampton,2020-05-23,2818,192,24,30.714285714285715,10.1
Northampton,2020-05-24,2839,197,21,29.785714285714285,9.8
Northampton,2020-05-25,2882,198,43,30.928571428571427,10.1
Northampton,2020-05-26,2894,199,12,31,10.2
Northampton,2020-05-27,2906,199,12,29.785714285714285,9.8
Northampton,2020-05-28,2926,203,20,29.714285714285715,9.7
Northampton,2020-05-29,2992,206,66,31.285714285714285,10.3
Northampton,2020-05-30,3014,207,22,29.214285714285715,9.6
Northampton,2020-05-31,3032,210,18,26.285714285714285,8.6
Northampton,2020-06-01,3050,210,18,24.785714285714285,8.1
Northampton,2020-06-02,3052,210,2,23.285714285714285,7.6
Northampton,2020-06-03,3076,213,24,23.928571428571427,7.9
Northampton,2020-06-04,3087,220,11,23.071428571428573,7.6
Northampton,2020-06-05,3095,225,8,21.5,7.1
Northampton,2020-06-06,3106,229,11,20.571428571428573,6.7
Northampton,2020-06-07,3116,231,10,19.785714285714285,6.5
Northampton,2020-06-08,3121,232,5,17.071428571428573,5.6
Northampton,2020-06-09,3139,232,18,17.5,5.7
Northampton,2020-06-10,3144,236,5,17,5.6
Northampton,2020-06-11,3161,238,17,16.785714285714285,5.5
Northampton,2020-06-12,3168,238,7,12.571428571428571,4.1
Northampton,2020-06-13,3185,238,17,12.214285714285714,4
Northampton,2020-06-14,3198,241,13,11.857142857142858,3.9
Northampton,2020-06-15,3206,241,8,11.142857142857142,3.7
Northampton,2020-06-16,3210,243,4,11.285714285714286,3.7
Northampton,2020-06-17,3215,244,5,9.928571428571429,3.3
Northampton,2020-06-18,3221,247,6,9.571428571428571,3.1
Northampton,2020-06-19,3237,249,16,10.142857142857142,3.3
Northampton,2020-06-20,3250,250,13,10.285714285714286,3.4
Northampton,2020-06-21,3270,252,20,11,3.6
Northampton,2020-06-22,3274,252,4,10.928571428571429,3.6
Northampton,2020-06-23,3278,252,4,9.928571428571429,3.3
Northampton,2020-06-24,3293,255,15,10.642857142857142,3.5
Northampton,2020-06-25,3305,259,12,10.285714285714286,3.4
Northampton,2020-06-26,3317,262,12,10.642857142857142,3.5
Northampton,2020-06-27,3326,263,9,10.071428571428571,3.3
Northampton,2020-06-28,3344,265,18,10.428571428571429,3.4
Northampton,2020-06-29,3354,265,10,10.571428571428571,3.5
Northampton,2020-06-30,3375,266,21,11.785714285714286,3.9
Northampton,2020-07-01,3379,266,4,11.714285714285714,3.8
Northampton,2020-07-02,3390,266,11,12.071428571428571,4
Northampton,2020-07-03,3408,270,18,12.214285714285714,4
Northampton,2020-07-04,3424,272,16,12.428571428571429,4.1
Northampton,2020-07-05,3430,272,6,11.428571428571429,3.7
Northampton,2020-07-06,3437,273,7,11.642857142857142,3.8
Northampton,2020-07-07,3440,273,3,11.571428571428571,3.8
Northampton,2020-07-08,3451,275,11,11.285714285714286,3.7
Northampton,2020-07-09,3468,276,17,11.642857142857142,3.8
Northampton,2020-07-10,3479,276,11,11.571428571428571,3.8
Northampton,2020-07-11,3493,278,14,11.928571428571429,3.9
Northampton,2020-07-12,3513,279,20,12.071428571428571,4
Northampton,2020-07-13,3520,279,7,11.857142857142858,3.9
Northampton,2020-07-14,3520,279,0,10.357142857142858,3.4
Northampton,2020-07-15,3529,281,9,10.714285714285714,3.5
Northampton,2020-07-16,3548,283,19,11.285714285714286,3.7
Northampton,2020-07-17,3568,283,20,11.428571428571429,3.7
Northampton,2020-07-18,3578,284,10,11,3.6
Northampton,2020-07-19,3600,284,22,12.142857142857142,4
Northampton,2020-07-20,3609,285,9,12.285714285714286,4
Northampton,2020-07-21,3615,285,6,12.5,4.1
Northampton,2020-07-22,3623,287,8,12.285714285714286,4
Northampton,2020-07-23,3636,288,13,12,3.9
Northampton,2020-07-24,3655,288,19,12.571428571428571,4.1
Northampton,2020-07-25,3669,289,14,12.571428571428571,4.1
Northampton,2020-07-26,3693,289,24,12.857142857142858,4.2
Northampton,2020-07-27,3710,289,17,13.571428571428571,4.5
Northampton,2020-07-28,3724,289,14,14.571428571428571,4.8
Northampton,2020-07-29,3746,289,22,15.5,5.1
Northampton,2020-07-30,3770,289,24,15.857142857142858,5.2
Northampton,2020-07-31,3780,289,10,15.142857142857142,5
Northampton,2020-08-01,3793,290,13,15.357142857142858,5
Northampton,2020-08-02,3809,290,16,14.928571428571429,4.9
Northampton,2020-08-03,3826,290,17,15.5,5.1
Northampton,2020-08-04,3830,290,4,15.357142857142858,5
Northampton,2020-08-05,3845,290,15,15.857142857142858,5.2
Northampton,2020-08-06,3859,291,14,15.928571428571429,5.2
Northampton,2020-08-07,3869,292,10,15.285714285714286,5
Northampton,2020-08-08,3879,292,10,15,4.9
Northampton,2020-08-09,3886,292,7,13.785714285714286,4.5
Northampton,2020-08-10,3896,292,10,13.285714285714286,4.4
Northampton,2020-08-11,3899,292,3,12.5,4.1
Northampton,2020-08-12,3913,292,14,11.928571428571429,3.9
Northampton,2020-08-13,3926,293,13,11.142857142857142,3.7
Northampton,2020-08-14,3952,294,26,12.285714285714286,4
Northampton,2020-08-15,3960,295,8,11.928571428571429,3.9
Northampton,2020-08-16,3973,295,13,11.714285714285714,3.8
Northampton,2020-08-17,3979,295,6,10.928571428571429,3.6
Northampton,2020-08-18,3985,295,6,11.071428571428571,3.6
Northampton,2020-08-19,3987,296,2,10.142857142857142,3.3
Northampton,2020-08-20,3996,296,9,9.785714285714286,3.2
Northampton,2020-08-21,4008,296,12,9.928571428571429,3.3
Northampton,2020-08-22,4018,296,10,9.928571428571429,3.3
Northampton,2020-08-23,4019,296,1,9.5,3.1
Northampton,2020-08-24,4027,296,8,9.357142857142858,3.1
Northampton,2020-08-25,4036,296,9,9.785714285714286,3.2
Northampton,2020-08-26,4040,297,4,9.071428571428571,3
Northampton,2020-08-27,4046,298,6,8.571428571428571,2.8
Northampton,2020-08-28,4056,299,10,7.428571428571429,2.4
Northampton,2020-08-29,4066,300,10,7.571428571428571,2.5
Northampton,2020-08-30,4087,300,21,8.142857142857142,2.7
Northampton,2020-08-31,4091,300,4,8,2.6
Northampton,2020-09-01,4093,300,2,7.714285714285714,2.5
Northampton,2020-09-02,4096,301,3,7.785714285714286,2.6
Northampton,2020-09-03,4104,301,8,7.714285714285714,2.5
Northampton,2020-09-04,4109,301,5,7.214285714285714,2.4
Northampton,2020-09-05,4124,301,15,7.571428571428571,2.5
Northampton,2020-09-06,4133,301,9,8.142857142857142,2.7
Northampton,2020-09-07,4138,301,5,7.928571428571429,2.6
Northampton,2020-09-08,4154,301,16,8.428571428571429,2.8
Northampton,2020-09-09,4157,302,3,8.357142857142858,2.7
Northampton,2020-09-10,4166,302,9,8.571428571428571,2.8
Northampton,2020-09-11,4175,302,9,8.5,2.8
Northampton,2020-09-12,4192,302,17,9,3
Northampton,2020-09-13,4203,302,11,8.285714285714286,2.7
Northampton,2020-09-14,4220,302,17,9.214285714285714,3
Northampton,2020-09-15,4238,304,18,10.357142857142858,3.4
Northampton,2020-09-16,4259,304,21,11.642857142857142,3.8
Northampton,2020-09-17,4284,304,25,12.857142857142858,4.2
Northampton,2020-09-18,4313,304,29,14.571428571428571,4.8
Northampton,2020-09-19,4333,304,20,14.928571428571429,4.9
Northampton,2020-09-20,4349,304,16,15.428571428571429,5.1
Northampton,2020-09-21,4373,304,24,16.785714285714285,5.5
Northampton,2020-09-22,4378,305,5,16,5.2
Northampton,2020-09-23,4391,305,13,16.714285714285715,5.5
Northampton,2020-09-24,4408,305,17,17.285714285714285,5.7
Northampton,2020-09-25,4428,305,20,18.071428571428573,5.9
Northampton,2020-09-26,4439,305,11,17.642857142857142,5.8
Northampton,2020-09-27,4458,305,19,18.214285714285715,6
Northampton,2020-09-28,4473,305,15,18.071428571428573,5.9
Northampton,2020-09-29,4489,305,16,17.928571428571427,5.9
Northampton,2020-09-30,4497,305,8,17,5.6
Northampton,2020-10-01,4509,305,12,16.071428571428573,5.3
Northampton,2020-10-02,4523,305,14,15,4.9
Northampton,2020-10-03,4541,305,18,14.857142857142858,4.9
Northampton,2020-10-04,4572,305,31,15.928571428571429,5.2
Northampton,2020-10-05,4597,305,25,16,5.2
Northampton,2020-10-06,4606,305,9,16.285714285714285,5.3
Northampton,2020-10-07,4632,305,26,17.214285714285715,5.6
Northampton,2020-10-08,4682,306,50,19.571428571428573,6.4
Northampton,2020-10-09,4701,307,19,19.5,6.4
Northampton,2020-10-10,4725,307,24,20.428571428571427,6.7
Northampton,2020-10-11,4811,308,86,25.214285714285715,8.3
Northampton,2020-10-12,4842,309,31,26.357142857142858,8.6
Northampton,2020-10-13,4851,309,9,25.857142857142858,8.5
Northampton,2020-10-14,4873,309,22,26.857142857142858,8.8
Northampton,2020-10-15,4900,309,27,27.928571428571427,9.2
Northampton,2020-10-16,4919,309,19,28.285714285714285,9.3
Northampton,2020-10-17,4960,309,41,29.928571428571427,9.8
Northampton,2020-10-18,5007,309,47,31.071428571428573,10.2
Northampton,2020-10-19,5032,309,25,31.071428571428573,10.2
Northampton,2020-10-20,5049,309,17,31.642857142857142,10.4
Northampton,2020-10-21,5074,309,25,31.571428571428573,10.4
Northampton,2020-10-22,5096,309,22,29.571428571428573,9.7
Northampton,2020-10-23,5141,310,45,31.428571428571427,10.3
Northampton,2020-10-24,5167,311,26,31.571428571428573,10.4
Northampton,2020-10-25,5220,311,53,29.214285714285715,9.6
Northampton,2020-10-26,5251,311,31,29.214285714285715,9.6
Northampton,2020-10-27,5287,311,36,31.142857142857142,10.2
Northampton,2020-10-28,5323,311,36,32.142857142857146,10.5
Northampton,2020-10-29,5375,311,52,33.92857142857143,11.1
Northampton,2020-10-30,5423,312,48,36,11.8
Northampton,2020-10-31,5462,313,39,35.857142857142854,11.8
Northampton,2020-11-01,5551,315,89,38.857142857142854,12.7
Northampton,2020-11-02,5604,315,53,40.857142857142854,13.4
Northampton,2020-11-03,5646,315,42,42.642857142857146,14
Northampton,2020-11-04,5693,315,47,44.214285714285715,14.5
Northampton,2020-11-05,5741,315,48,46.07142857142857,15.1
Northampton,2020-11-06,5812,316,71,47.92857142857143,15.7
Northampton,2020-11-07,5908,317,96,52.92857142857143,17.4
Northampton,2020-11-08,5993,319,85,55.214285714285715,18.1
Northampton,2020-11-09,6045,319,52,56.714285714285715,18.6
Northampton,2020-11-10,6121,319,76,59.57142857142857,19.5
Northampton,2020-11-11,6211,319,90,63.42857142857143,20.8
Northampton,2020-11-12,6320,319,109,67.5,22.1
Northampton,2020-11-13,6452,322,132,73.5,24.1
Northampton,2020-11-14,6597,322,145,81.07142857142857,26.6
Northampton,2020-11-15,6711,322,114,82.85714285714286,27.2
Northampton,2020-11-16,6833,322,122,87.78571428571429,28.8
Northampton,2020-11-17,6920,323,87,91,29.9
Northampton,2020-11-18,7005,323,85,93.71428571428571,30.7
Northampton,2020-11-19,7149,324,144,100.57142857142857,33
Northampton,2020-11-20,7319,324,170,107.64285714285714,35.3
Northampton,2020-11-21,7482,326,163,112.42857142857143,36.9
Northampton,2020-11-22,7675,327,193,120.14285714285714,39.4
Northampton,2020-11-23,7845,327,170,128.57142857142858,42.2
Northampton,2020-11-24,8029,328,184,136.28571428571428,44.7
Northampton,2020-11-25,8154,330,125,138.78571428571428,45.5
Northampton,2020-11-26,8315,330,161,142.5,46.8
Northampton,2020-11-27,8480,331,165,144.85714285714286,47.5
Northampton,2020-11-28,8711,331,231,151,49.5
Northampton,2020-11-29,8911,332,200,157.14285714285714,51.6
Northampton,2020-11-30,9002,333,91,154.92857142857142,50.8
Northampton,2020-12-01,9103,333,101,155.92857142857142,51.2
Northampton,2020-12-02,9198,336,95,156.64285714285714,51.4
Northampton,2020-12-03,9443,337,245,163.85714285714286,53.8
Northampton,2020-12-04,9649,340,206,166.42857142857142,54.6
Northampton,2020-12-05,10048,343,399,183.28571428571428,60.1
Northampton,2020-12-06,10361,344,313,191.85714285714286,62.9
Northampton,2020-12-07,10545,345,184,192.85714285714286,63.3
Northampton,2020-12-08,10801,346,256,198,65
Northampton,2020-12-09,11045,348,244,206.5,67.7
Northampton,2020-12-10,11270,348,225,211.07142857142858,69.2
Northampton,2020-12-11,11660,352,390,227.14285714285714,74.5
Northampton,2020-12-12,11924,357,264,229.5,75.3
Northampton,2020-12-13,12166,360,242,232.5,76.3
Northampton,2020-12-14,12460,361,294,247,81
Northampton,2020-12-15,12693,360,233,256.42857142857144,84.1
Northampton,2020-12-16,12839,363,146,260.07142857142856,85.3
Northampton,2020-12-17,13268,370,429,273.2142857142857,89.6
Northampton,2020-12-18,13476,372,208,273.35714285714283,89.7
Northampton,2020-12-19,13661,375,185,258.07142857142856,84.7
Northampton,2020-12-20,13930,381,269,254.92857142857142,83.6
Northampton,2020-12-21,14125,384,195,255.71428571428572,83.9
Northampton,2020-12-22,14444,384,319,260.2142857142857,85.4
Northampton,2020-12-23,14662,391,218,258.35714285714283,84.8
Northampton,2020-12-24,14931,395,269,261.5,85.8
Northampton,2020-12-25,15238,403,307,255.57142857142858,83.8
Northampton,2020-12-26,15477,405,239,253.78571428571428,83.3
Northampton,2020-12-27,15672,406,195,250.42857142857142,82.2
Northampton,2020-12-28,15769,410,97,236.35714285714286,77.5
Northampton,2020-12-29,15886,411,117,228.07142857142858,74.8
Northampton,2020-12-30,16077,416,191,231.28571428571428,75.9
Northampton,2020-12-31,16393,427,316,223.21428571428572,73.2
Northampton,2021-01-01,16696,431,303,230,75.5
Northampton,2021-01-02,16957,436,261,235.42857142857142,77.2
Northampton,2021-01-03,17283,438,326,239.5,78.6
Northampton,2021-01-04,17369,438,86,231.71428571428572,76
Northampton,2021-01-05,17465,439,96,215.78571428571428,70.8
Northampton,2021-01-06,17763,450,298,221.5,72.7
Northampton,2021-01-07,18052,460,289,222.92857142857142,73.1
Northampton,2021-01-08,18377,469,325,224.21428571428572,73.6
Northampton,2021-01-09,18722,473,345,231.78571428571428,76
Northampton,2021-01-10,19009,480,287,238.35714285714286,78.2
Northampton,2021-01-11,19213,481,204,246,80.7
Northampton,2021-01-12,19352,481,139,247.57142857142858,81.2
Northampton,2021-01-13,19540,485,188,247.35714285714286,81.2
Northampton,2021-01-14,19797,493,257,243.14285714285714,79.8
Northampton,2021-01-15,19993,499,196,235.5,77.3
Northampton,2021-01-16,20232,503,239,233.92857142857142,76.7
Northampton,2021-01-17,20459,506,227,226.85714285714286,74.4
Northampton,2021-01-18,20640,510,181,233.64285714285714,76.7
Northampton,2021-01-19,20749,511,109,234.57142857142858,77
Northampton,2021-01-20,20969,511,220,229,75.1
Northampton,2021-01-21,21174,527,205,223,73.2
Northampton,2021-01-22,21362,535,188,213.21428571428572,70
Northampton,2021-01-23,21572,542,210,203.57142857142858,66.8
Northampton,2021-01-24,21821,544,249,200.85714285714286,65.9
Northampton,2021-01-25,21958,544,137,196.07142857142858,64.3
Northampton,2021-01-26,22048,546,90,192.57142857142858,63.2
Northampton,2021-01-27,22305,549,257,197.5,64.8
Northampton,2021-01-28,22519,552,214,194.42857142857142,63.8
Northampton,2021-01-29,22731,561,212,195.57142857142858,64.2
Northampton,2021-01-30,23162,564,431,209.28571428571428,68.7
Northampton,2021-01-31,23344,567,182,206.07142857142858,67.6
Northampton,2021-02-01,23475,569,131,202.5,66.4
Northampton,2021-02-02,23618,571,143,204.92857142857142,67.2
Northampton,2021-02-03,23743,573,125,198.14285714285714,65
Northampton,2021-02-04,23827,574,84,189.5,62.2
Northampton,2021-02-05,23899,576,72,181.21428571428572,59.5
Northampton,2021-02-06,24023,582,124,175.07142857142858,57.4
Northampton,2021-02-07,24180,588,157,168.5,55.3
Northampton,2021-02-08,24364,590,184,171.85714285714286,56.4
Northampton,2021-02-09,24418,589,54,169.28571428571428,55.5
Northampton,2021-02-10,24639,599,221,166.71428571428572,54.7
Northampton,2021-02-11,24747,602,108,159.14285714285714,52.2
Northampton,2021-02-12,24953,605,206,158.71428571428572,52.1
Northampton,2021-02-13,25113,609,160,139.35714285714286,45.7
Northampton,2021-02-14,25297,611,184,139.5,45.8
Northampton,2021-02-15,25416,611,119,138.64285714285714,45.5
Northampton,2021-02-16,25458,611,42,131.42857142857142,43.1
Northampton,2021-02-17,25577,611,119,131,43
Northampton,2021-02-18,25714,618,137,134.78571428571428,44.2
Northampton,2021-02-19,25874,623,160,141.07142857142858,46.3
Northampton,2021-02-20,25982,626,108,139.92857142857142,45.9
Northampton,2021-02-21,26108,631,126,137.71428571428572,45.2
Northampton,2021-02-22,26169,631,61,128.92857142857142,42.3
Northampton,2021-02-23,26231,631,62,129.5,42.5
Northampton,2021-02-24,26372,632,141,123.78571428571429,40.6
Northampton,2021-02-25,26476,634,104,123.5,40.5
Northampton,2021-02-26,26573,639,97,115.71428571428571,38
Northampton,2021-02-27,26706,643,133,113.78571428571429,37.3
Northampton,2021-02-28,26789,643,83,106.57142857142857,35
Northampton,2021-03-01,26844,644,55,102,33.5
Northampton,2021-03-02,26889,644,45,102.21428571428571,33.5
Northampton,2021-03-03,27004,648,115,101.92857142857143,33.4
Northampton,2021-03-04,27136,649,132,101.57142857142857,33.3
Northampton,2021-03-05,27252,650,116,98.42857142857143,32.3
Northampton,2021-03-06,27322,651,70,95.71428571428571,31.4
Northampton,2021-03-07,27430,651,108,94.42857142857143,31
Northampton,2021-03-08,27486,652,56,94.07142857142857,30.9
Northampton,2021-03-09,27521,653,35,92.14285714285714,30.2
Northampton,2021-03-10,27606,654,85,88.14285714285714,28.9
Northampton,2021-03-11,27693,656,87,86.92857142857143,28.5
Northampton,2021-03-12,27812,656,119,88.5,29
Northampton,2021-03-13,27940,656,128,88.14285714285714,28.9
Northampton,2021-03-14,28053,656,113,90.28571428571429,29.6
Northampton,2021-03-15,28127,656,74,91.64285714285714,30.1
Northampton,2021-03-16,28183,661,56,92.42857142857143,30.3
Northampton,2021-03-17,28311,664,128,93.35714285714286,30.6
Northampton,2021-03-18,28421,665,110,91.78571428571429,30.1
Northampton,2021-03-19,28544,666,123,92.28571428571429,30.3
Northampton,2021-03-20,28702,668,158,98.57142857142857,32.3
Northampton,2021-03-21,28891,668,189,104.35714285714286,34.2
Northampton,2021-03-22,28977,669,86,106.5,34.9
Northampton,2021-03-23,29028,669,51,107.64285714285714,35.3
Northampton,2021-03-24,29213,671,185,114.78571428571429,37.7
Northampton,2021-03-25,29409,673,196,122.57142857142857,40.2
Northampton,2021-03-26,29633,673,224,130.07142857142858,42.7
Northampton,2021-03-27,29819,673,186,134.21428571428572,44
Northampton,2021-03-28,29970,674,151,136.92857142857142,44.9
Northampton,2021-03-29,30064,675,94,138.35714285714286,45.4
Northampton,2021-03-30,30164,676,100,141.5,46.4
Northampton,2021-03-31,30399,677,235,149.14285714285714,48.9
Northampton,2021-04-01,30557,678,158,152.57142857142858,50.1
Northampton,2021-04-02,30696,678,139,153.71428571428572,50.4
Northampton,2021-04-03,30869,679,173,154.78571428571428,50.8
Northampton,2021-04-04,31109,681,240,158.42857142857142,52
Northampton,2021-04-05,31215,681,106,159.85714285714286,52.4
Northampton,2021-04-06,31315,681,100,163.35714285714286,53.6
Northampton,2021-04-07,31490,681,175,162.64285714285714,53.4
Northampton,2021-04-08,31653,681,163,160.28571428571428,52.6
Northampton,2021-04-09,31826,683,173,156.64285714285714,51.4
Northampton,2021-04-10,32021,684,195,157.28571428571428,51.6
Northampton,2021-04-11,32169,685,148,157.07142857142858,51.5
Northampton,2021-04-12,32241,685,72,155.5,51
Northampton,2021-04-13,32313,685,72,153.5,50.4
Northampton,2021-04-14,32578,685,265,155.64285714285714,51.1
Northampton,2021-04-15,32722,685,144,154.64285714285714,50.7
Northampton,2021-04-16,32877,685,155,155.78571428571428,51.1
Northampton,2021-04-17,33083,685,206,158.14285714285714,51.9
Northampton,2021-04-18,33244,687,161,152.5,50
Northampton,2021-04-19,33305,687,61,149.28571428571428,49
Northampton,2021-04-20,33366,687,61,146.5,48.1
Northampton,2021-04-21,33536,689,170,146.14285714285714,47.9
Northampton,2021-04-22,33650,689,114,142.64285714285714,46.8
Northampton,2021-04-23,33780,690,130,139.57142857142858,45.8
Northampton,2021-04-24,33930,690,150,136.35714285714286,44.7
Northampton,2021-04-25,34066,690,136,135.5,44.5
Northampton,2021-04-26,34157,690,91,136.85714285714286,44.9
Northampton,2021-04-27,34229,690,72,136.85714285714286,44.9
Northampton,2021-04-28,34338,691,109,125.71428571428571,41.2
Northampton,2021-04-29,34407,693,69,120.35714285714286,39.5
Northampton,2021-04-30,34517,693,110,117.14285714285714,38.4
Northampton,2021-05-01,34644,694,127,111.5,36.6
Northampton,2021-05-02,34730,694,86,106.14285714285714,34.8
Northampton,2021-05-03,34800,694,70,106.78571428571429,35
Northampton,2021-05-04,34832,694,32,104.71428571428571,34.4
Northampton,2021-05-05,34922,697,90,99,32.5
Northampton,2021-05-06,34985,699,63,95.35714285714286,31.3
Northampton,2021-05-07,35037,700,52,89.78571428571429,29.5
Northampton,2021-05-08,35139,700,102,86.35714285714286,28.3
Northampton,2021-05-09,35182,700,43,79.71428571428571,26.2
Northampton,2021-05-10,35207,702,25,75,24.6
Northampton,2021-05-11,35229,702,22,71.42857142857143,23.4
Northampton,2021-05-12,35302,703,73,68.85714285714286,22.6
Northampton,2021-05-13,35346,703,44,67.07142857142857,22
Northampton,2021-05-14,35392,703,46,62.5,20.5
Northampton,2021-05-15,35461,703,69,58.357142857142854,19.1
Northampton,2021-05-16,35501,702,40,55.07142857142857,18.1
Northampton,2021-05-17,35526,704,25,51.857142857142854,17
Northampton,2021-05-18,35534,704,8,50.142857142857146,16.5
Northampton,2021-05-19,35570,704,36,46.285714285714285,15.2
Northampton,2021-05-20,35595,706,25,43.57142857142857,14.3
Northampton,2021-05-21,35633,707,38,42.57142857142857,14
Northampton,2021-05-22,35693,708,60,39.57142857142857,13
Northampton,2021-05-23,35727,710,34,38.92857142857143,12.8
Northampton,2021-05-24,35747,711,20,38.57142857142857,12.7
Northampton,2021-05-25,35761,711,14,38,12.5
Northampton,2021-05-26,35794,711,33,35.142857142857146,11.5
Northampton,2021-05-27,35813,711,19,33.357142857142854,10.9
Northampton,2021-05-28,35826,711,13,31,10.2
Northampton,2021-05-29,35846,711,20,27.5,9
Northampton,2021-05-30,35864,711,18,25.928571428571427,8.5
Northampton,2021-05-31,35883,711,19,25.5,8.4
Northampton,2021-06-01,35890,711,7,25.428571428571427,8.3
Northampton,2021-06-02,35894,711,4,23.142857142857142,7.6
Northampton,2021-06-03,35906,712,12,22.214285714285715,7.3
Northampton,2021-06-04,35915,712,9,20.142857142857142,6.6
Northampton,2021-06-05,35929,713,14,16.857142857142858,5.5
Northampton,2021-06-06,35940,713,11,15.214285714285714,5
Northampton,2021-06-07,35947,713,7,14.285714285714286,4.7
Northampton,2021-06-08,35954,713,7,13.785714285714286,4.5
Northampton,2021-06-09,35976,714,22,13,4.3
Northampton,2021-06-10,35983,714,7,12.142857142857142,4
Northampton,2021-06-11,35992,714,9,11.857142857142858,3.9
Northampton,2021-06-12,36006,714,14,11.428571428571429,3.7
Northampton,2021-06-13,36012,715,6,10.571428571428571,3.5
Northampton,2021-06-14,36017,715,5,9.571428571428571,3.1
Northampton,2021-06-15,36021,715,4,9.357142857142858,3.1
Northampton,2021-06-16,36032,715,11,9.857142857142858,3.2
Northampton,2021-06-17,36043,716,11,9.785714285714286,3.2
Northampton,2021-06-18,36049,716,6,9.571428571428571,3.1
Northampton,2021-06-19,36058,716,9,9.214285714285714,3
Northampton,2021-06-20,36067,716,9,9.071428571428571,3
Northampton,2021-06-21,36071,716,4,8.857142857142858,2.9
Northampton,2021-06-22,36079,716,8,8.928571428571429,2.9
Northampton,2021-06-23,36085,716,6,7.785714285714286,2.6
Northampton,2021-06-24,36089,716,4,7.571428571428571,2.5
Northampton,2021-06-25,36101,716,12,7.785714285714286,2.6
Northampton,2021-06-26,36102,716,1,6.857142857142857,2.2
Northampton,2021-06-27,36108,716,6,6.857142857142857,2.2
Northampton,2021-06-28,36108,717,0,6.5,2.1
Northampton,2021-06-29,36112,717,4,6.5,2.1
Northampton,2021-06-30,36118,717,6,6.142857142857143,2
Northampton,2021-07-01,36119,717,1,5.428571428571429,1.8
Northampton,2021-07-02,36123,717,4,5.285714285714286,1.7
Northampton,2021-07-03,36129,717,6,5.071428571428571,1.7
Northampton,2021-07-04,36135,717,6,4.857142857142857,1.6
Northampton,2021-07-05,36142,717,7,5.071428571428571,1.7
Northampton,2021-07-06,36145,717,3,4.714285714285714,1.5
Northampton,2021-07-07,36149,717,4,4.571428571428571,1.5
Northampton,2021-07-08,36154,717,5,4.642857142857143,1.5
Northampton,2021-07-09,36159,717,5,4.142857142857143,1.4
Northampton,2021-07-10,36166,717,7,4.571428571428571,1.5
Northampton,2021-07-11,36172,717,6,4.571428571428571,1.5
Northampton,2021-07-12,36177,717,5,4.928571428571429,1.6
Northampton,2021-07-13,36182,717,5,5,1.6
Northampton,2021-07-14,36190,717,8,5.142857142857143,1.7
Northampton,2021-07-15,36201,718,11,5.857142857142857,1.9
Northampton,2021-07-16,36213,718,12,6.428571428571429,2.1
Northampton,2021-07-17,36228,718,15,7.071428571428571,2.3
Northampton,2021-07-18,36239,718,11,7.428571428571429,2.4
Northampton,2021-07-19,36248,719,9,7.571428571428571,2.5
Northampton,2021-07-20,36257,719,9,8,2.6
Northampton,2021-07-21,36295,719,38,10.428571428571429,3.4
Northampton,2021-07-22,36319,719,24,11.785714285714286,3.9
Northampton,2021-07-23,36337,719,18,12.714285714285714,4.2
Northampton,2021-07-24,36362,719,25,14,4.6
Northampton,2021-07-25,36390,719,28,15.571428571428571,5.1
Northampton,2021-07-26,36412,719,22,16.785714285714285,5.5
Northampton,2021-07-27,36428,719,16,17.571428571428573,5.8
Northampton,2021-07-28,36465,719,37,19.642857142857142,6.4
Northampton,2021-07-29,36486,720,21,20.357142857142858,6.7
Northampton,2021-07-30,36533,720,47,22.857142857142858,7.5
Northampton,2021-07-31,36571,720,38,24.5,8
Northampton,2021-08-01,36627,720,56,27.714285714285715,9.1
Northampton,2021-08-02,36660,720,33,29.428571428571427,9.7
Northampton,2021-08-03,36706,720,46,32.07142857142857,10.5
Northampton,2021-08-04,36785,720,79,35,11.5
Northampton,2021-08-05,36853,720,68,38.142857142857146,12.5
Northampton,2021-08-06,36912,720,59,41.07142857142857,13.5
Northampton,2021-08-07,36979,720,67,44.07142857142857,14.5
Northampton,2021-08-08,37061,720,82,47.92857142857143,15.7
Northampton,2021-08-09,37103,720,42,49.357142857142854,16.2
Northampton,2021-08-10,37149,720,46,51.5,16.9
Northampton,2021-08-11,37215,721,66,53.57142857142857,17.6
Northampton,2021-08-12,37296,722,81,57.857142857142854,19
Northampton,2021-08-13,37380,723,84,60.5,19.8
Northampton,2021-08-14,37468,723,88,64.07142857142857,21
Northampton,2021-08-15,37549,723,81,65.85714285714286,21.6
Northampton,2021-08-16,37614,723,65,68.14285714285714,22.4
Northampton,2021-08-17,37673,723,59,69.07142857142857,22.7
Northampton,2021-08-18,37780,724,107,71.07142857142857,23.3
Northampton,2021-08-19,37858,725,78,71.78571428571429,23.6
Northampton,2021-08-20,37999,727,141,77.64285714285714,25.5
Northampton,2021-08-21,38067,728,68,77.71428571428571,25.5
Northampton,2021-08-22,38128,728,61,76.21428571428571,25
Northampton,2021-08-23,38221,728,93,79.85714285714286,26.2
Northampton,2021-08-24,38271,728,50,80.14285714285714,26.3
Northampton,2021-08-25,38391,729,120,84,27.6
Northampton,2021-08-26,38531,731,140,88.21428571428571,28.9
Northampton,2021-08-27,38598,732,67,87,28.5
Northampton,2021-08-28,38703,732,105,88.21428571428571,28.9
Northampton,2021-08-29,38806,733,103,89.78571428571429,29.5
Northampton,2021-08-30,38864,733,58,89.28571428571429,29.3
Northampton,2021-08-31,38918,733,54,88.92857142857143,29.2
Northampton,2021-09-01,38997,733,79,86.92857142857143,28.5
Northampton,2021-09-02,39116,733,119,89.85714285714286,29.5
Northampton,2021-09-03,39279,735,163,91.42857142857143,30
Northampton,2021-09-04,39411,735,132,96,31.5
Northampton,2021-09-05,39521,735,110,99.5,32.6
Northampton,2021-09-06,39678,735,157,104.07142857142857,34.1
Northampton,2021-09-07,39741,735,63,105,34.4
Northampton,2021-09-08,39780,735,39,99.21428571428571,32.5
Northampton,2021-09-09,39900,737,120,97.78571428571429,32.1
Northampton,2021-09-10,40030,739,130,102.28571428571429,33.6
Northampton,2021-09-11,40246,740,216,110.21428571428571,36.2
Northampton,2021-09-12,40393,741,147,113.35714285714286,37.2
Northampton,2021-09-13,40465,741,72,114.35714285714286,37.5
Northampton,2021-09-14,40540,741,75,115.85714285714286,38
Northampton,2021-09-15,40656,743,116,118.5,38.9
Northampton,2021-09-16,40772,743,116,118.28571428571429,38.8
Northampton,2021-09-17,40926,744,154,117.64285714285714,38.6
Northampton,2021-09-18,41098,744,172,120.5,39.5
Northampton,2021-09-19,41185,745,87,118.85714285714286,39
Northampton,2021-09-20,41290,745,105,115.14285714285714,37.8
Northampton,2021-09-21,41343,745,53,114.42857142857143,37.5
Northampton,2021-09-22,41451,748,108,119.35714285714286,39.2
Northampton,2021-09-23,41568,749,117,119.14285714285714,39.1
Northampton,2021-09-24,41719,749,151,120.64285714285714,39.6
Northampton,2021-09-25,41871,751,152,116.07142857142857,38.1
Northampton,2021-09-26,42014,753,143,115.78571428571429,38
Northampton,2021-09-27,42092,753,78,116.21428571428571,38.1
Northampton,2021-09-28,42161,753,69,115.78571428571429,38
Northampton,2021-09-29,42290,756,129,116.71428571428571,38.3
Northampton,2021-09-30,42389,758,99,115.5,37.9
Northampton,2021-10-01,42517,759,128,113.64285714285714,37.3
Northampton,2021-10-02,42578,761,61,105.71428571428571,34.7
Northampton,2021-10-03,42644,762,66,104.21428571428571,34.2
Northampton,2021-10-04,42790,763,146,107.14285714285714,35.2
Northampton,2021-10-05,42903,763,113,111.42857142857143,36.6
Northampton,2021-10-06,42999,764,96,110.57142857142857,36.3
Northampton,2021-10-07,43058,765,59,106.42857142857143,34.9
Northampton,2021-10-08,43176,766,118,104.07142857142857,34.1
Northampton,2021-10-09,43323,768,147,103.71428571428571,34
Northampton,2021-10-10,43407,768,84,99.5,32.6
Northampton,2021-10-11,43459,768,52,97.64285714285714,32
Northampton,2021-10-12,43515,768,56,96.71428571428571,31.7
Northampton,2021-10-13,43630,774,115,95.71428571428571,31.4
Northampton,2021-10-14,43678,776,48,92.07142857142857,30.2
Northampton,2021-10-15,43814,778,136,92.64285714285714,30.4
Northampton,2021-10-16,43867,778,53,92.07142857142857,30.2
Northampton,2021-10-17,43958,778,91,93.85714285714286,30.8
Northampton,2021-10-18,44037,778,79,89.07142857142857,29.2
Northampton,2021-10-19,44078,779,41,83.92857142857143,27.5
Northampton,2021-10-20,44176,781,98,84.07142857142857,27.6
Northampton,2021-10-21,44236,783,60,84.14285714285714,27.6
Northampton,2021-10-22,44341,783,105,83.21428571428571,27.3
Northampton,2021-10-23,44431,786,90,79.14285714285714,26
Northampton,2021-10-24,44525,790,94,79.85714285714286,26.2
Northampton,2021-10-25,44568,790,43,79.21428571428571,26
Northampton,2021-10-26,44610,790,42,78.21428571428571,25.7
Northampton,2021-10-27,44696,790,86,76.14285714285714,25
Northampton,2021-10-28,44767,793,71,77.78571428571429,25.5
Northampton,2021-10-29,44882,794,115,76.28571428571429,25
Northampton,2021-10-30,44960,794,78,78.07142857142857,25.6
Northampton,2021-10-31,45044,794,84,77.57142857142857,25.4
Northampton,2021-11-01,45094,795,50,75.5,24.8
Northampton,2021-11-02,45148,795,54,76.42857142857143,25.1
Northampton,2021-11-03,45243,795,95,76.21428571428571,25
Northampton,2021-11-04,45285,798,42,74.92857142857143,24.6
Northampton,2021-11-05,45390,798,105,74.92857142857143,24.6
Northampton,2021-11-06,45468,801,78,74.07142857142857,24.3
Northampton,2021-11-07,45585,801,117,75.71428571428571,24.8
Northampton,2021-11-08,45663,801,78,78.21428571428571,25.7
Northampton,2021-11-09,45714,801,51,78.85714285714286,25.9
Northampton,2021-11-10,45834,802,120,81.28571428571429,26.7
Northampton,2021-11-11,45903,804,69,81.14285714285714,26.6
Northampton,2021-11-12,46034,805,131,82.28571428571429,27
Northampton,2021-11-13,46174,805,140,86.71428571428571,28.4
Northampton,2021-11-14,46297,805,123,89.5,29.4
Northampton,2021-11-15,46379,806,82,91.78571428571429,30.1
Northampton,2021-11-16,46424,806,45,91.14285714285714,29.9
Northampton,2021-11-17,46580,807,156,95.5,31.3
Northampton,2021-11-18,46724,807,144,102.78571428571429,33.7
Northampton,2021-11-19,46886,808,162,106.85714285714286,35.1
Northampton,2021-11-20,47038,809,152,112.14285714285714,36.8
Northampton,2021-11-21,47162,809,124,112.64285714285714,37
Northampton,2021-11-22,47261,809,99,114.14285714285714,37.4
Northampton,2021-11-23,47373,809,112,118.5,38.9
Northampton,2021-11-24,47586,809,213,125.14285714285714,41.1
Northampton,2021-11-25,47741,813,155,131.28571428571428,43.1
Northampton,2021-11-26,47879,815,138,131.78571428571428,43.2
Northampton,2021-11-27,48053,815,174,134.21428571428572,44
Northampton,2021-11-28,48147,815,94,132.14285714285714,43.4
Northampton,2021-11-29,48274,815,127,135.35714285714286,44.4
Northampton,2021-11-30,48397,815,123,140.92857142857142,46.2
Northampton,2021-12-01,48548,816,151,140.57142857142858,46.1
Northampton,2021-12-02,48668,819,120,138.85714285714286,45.6
Northampton,2021-12-03,48992,821,324,150.42857142857142,49.4
Northampton,2021-12-04,49326,822,334,163.42857142857142,53.6
Northampton,2021-12-05,49658,824,332,178.28571428571428,58.5
Northampton,2021-12-06,49958,824,300,192.64285714285714,63.2
Northampton,2021-12-07,50144,825,186,197.92857142857142,64.9
Northampton,2021-12-08,50386,828,242,200,65.6
Northampton,2021-12-09,50581,829,195,202.85714285714286,66.6
Northampton,2021-12-10,50768,831,187,206.35714285714286,67.7
Northampton,2021-12-11,51178,834,410,223.21428571428572,73.2
Northampton,2021-12-12,51563,836,385,244,80.1
Northampton,2021-12-13,51917,836,354,260.2142857142857,85.4
Northampton,2021-12-14,52131,836,214,266.7142857142857,87.5
Northampton,2021-12-15,52376,838,245,273.42857142857144,89.7
Northampton,2021-12-16,52581,842,205,279.5,91.7
Northampton,2021-12-17,52929,845,348,281.2142857142857,92.3
Northampton,2021-12-18,53179,847,250,275.2142857142857,90.3
Northampton,2021-12-19,53535,852,356,276.92857142857144,90.9
Northampton,2021-12-20,53806,852,271,274.85714285714283,90.2
Northampton,2021-12-21,54047,852,241,278.7857142857143,91.5
Northampton,2021-12-22,54387,854,340,285.7857142857143,93.8
Northampton,2021-12-23,54646,859,259,290.35714285714283,95.3
Northampton,2021-12-24,54959,861,313,299.35714285714283,98.2
Northampton,2021-12-25,55301,863,342,294.5,96.6
Northampton,2021-12-26,55726,863,425,297.35714285714283,97.6
Northampton,2021-12-27,56143,863,417,301.85714285714283,99
Northampton,2021-12-28,56419,863,276,306.2857142857143,100.5
Northampton,2021-12-29,57047,865,628,333.64285714285717,109.5
Northampton,2021-12-30,57463,876,416,348.7142857142857,114.4
Northampton,2021-12-31,57829,879,366,350,114.8
Northampton,2022-01-01,58875,882,1046,406.85714285714283,133.5
Northampton,2022-01-02,59540,882,665,428.92857142857144,140.7
Northampton,2022-01-03,60175,882,635,454.92857142857144,149.3
Northampton,2022-01-04,61091,884,916,503.14285714285717,165.1
Northampton,2022-01-05,61669,886,578,520.1428571428571,170.6
Northampton,2022-01-06,62242,890,573,542.5714285714286,178
Northampton,2022-01-07,63189,899,947,587.8571428571429,192.9
Northampton,2022-01-08,64193,903,1004,635.1428571428571,208.4
Northampton,2022-01-09,65337,906,1144,686.5,225.2
Northampton,2022-01-10,66238,907,901,721.0714285714286,236.6
Northampton,2022-01-11,67302,907,1064,777.3571428571429,255
Northampton,2022-01-12,68678,915,1376,830.7857142857143,272.6
Northampton,2022-01-13,69717,923,1039,875.2857142857143,287.2
Northampton,2022-01-14,70436,927,719,900.5,295.4
Northampton,2022-01-15,71205,931,769,880.7142857142857,288.9
Northampton,2022-01-16,71600,935,395,861.4285714285714,282.6
Northampton,2022-01-17,72729,935,1129,896.7142857142857,294.2
Northampton,2022-01-18,73080,935,351,856.3571428571429,281
Northampton,2022-01-19,73365,936,285,835.4285714285714,274.1
Northampton,2022-01-20,73679,939,314,816.9285714285714,268
Northampton,2022-01-21,73982,950,303,770.9285714285714,252.9
Northampton,2022-01-22,74410,957,428,729.7857142857143,239.4
Northampton,2022-01-23,74876,961,466,681.3571428571429,223.5
Northampton,2022-01-24,75154,963,278,636.8571428571429,208.9
Northampton,2022-01-25,75269,963,115,569.0714285714286,186.7
Northampton,2022-01-26,75544,971,275,490.42857142857144,160.9
Northampton,2022-01-27,75826,978,282,436.35714285714283,143.2
Northampton,2022-01-28,76210,991,384,412.42857142857144,135.3
Northampton,2022-01-29,76508,996,298,378.7857142857143,124.3
Northampton,2022-01-30,76664,1003,156,361.7142857142857,118.7
Northampton,2022-01-31,76847,1003,183,294.14285714285717,96.5
Northampton,2022-02-01,76968,1003,121,277.7142857142857,91.1
Northampton,2022-02-02,77061,1009,93,264,86.6
Northampton,2022-02-03,77204,1011,143,251.78571428571428,82.6
Northampton,2022-02-04,77337,1012,133,239.64285714285714,78.6
Northampton,2022-02-05,77485,1019,148,219.64285714285714,72.1
Northampton,2022-02-06,77667,1024,182,199.35714285714286,65.4
Northampton,2022-02-07,77740,1024,73,184.71428571428572,60.6
Northampton,2022-02-08,77956,1025,216,191.92857142857142,63
Northampton,2022-02-09,77774,1027,-182,159.28571428571428,52.3
Northampton,2022-02-10,77879,1031,105,146.64285714285714,48.1
Northampton,2022-02-11,77993,1034,114,127.35714285714286,41.8
Northampton,2022-02-12,78062,1035,69,111,36.4
Northampton,2022-02-13,78160,1038,98,106.85714285714286,35.1
Northampton,2022-02-14,78193,1038,33,96.14285714285714,31.5
Northampton,2022-02-15,78235,1041,42,90.5,29.7
Northampton,2022-02-16,78275,1050,40,86.71428571428571,28.4
Northampton,2022-02-17,78336,1054,61,80.85714285714286,26.5
Northampton,2022-02-18,78389,1056,53,75.14285714285714,24.7
Northampton,2022-02-19,78445,1058,56,68.57142857142857,22.5
Northampton,2022-02-20,78545,1058,100,62.714285714285715,20.6
Northampton,2022-02-21,78576,1059,31,59.714285714285715,19.6
Northampton,2022-02-22,78576,1059,0,44.285714285714285,14.5
Northampton,2022-02-23,78617,1059,41,60.214285714285715,19.8
Northampton,2022-02-24,78654,1066,37,55.357142857142854,18.2
Northampton,2022-02-25,78693,1066,39,50,16.4
Northampton,2022-02-26,78734,1066,41,48,15.7
Northampton,2022-02-27,78765,1066,31,43.214285714285715,14.2
Northampton,2022-02-28,78778,1066,13,41.785714285714285,13.7
Northampton,2022-03-01,78792,1066,14,39.785714285714285,13.1
Northampton,2022-03-02,78813,1068,21,38.42857142857143,12.6
Northampton,2022-03-03,78841,1068,28,36.07142857142857,11.8
Northampton,2022-03-04,78875,1068,34,34.714285714285715,11.4
Northampton,2022-03-05,78888,1069,13,31.642857142857142,10.4
Northampton,2022-03-06,78907,1069,19,25.857142857142858,8.5
Northampton,2022-03-07,78918,1071,11,24.428571428571427,8
Northampton,2022-03-08,78927,1071,9,25.071428571428573,8.2
Northampton,2022-03-09,78952,1073,25,23.928571428571427,7.9
Northampton,2022-03-10,78974,1074,22,22.857142857142858,7.5
Northampton,2022-03-11,78999,1076,25,21.857142857142858,7.2
Northampton,2022-03-12,79014,1076,15,20,6.6
Northampton,2022-03-13,79039,1077,25,19.571428571428573,6.4
Northampton,2022-03-14,79045,1077,6,19.071428571428573,6.3
Northampton,2022-03-15,79052,1077,7,18.571428571428573,6.1
Northampton,2022-03-16,79066,1077,14,18.071428571428573,5.9
Northampton,2022-03-17,79078,1078,12,16.928571428571427,5.6
Northampton,2022-03-18,79092,1079,14,15.5,5.1
Northampton,2022-03-19,79114,1079,22,16.142857142857142,5.3
Northampton,2022-03-20,79129,1079,15,15.857142857142858,5.2
Northampton,2022-03-21,79153,1079,24,16.785714285714285,5.5
Northampton,2022-03-22,79166,1079,13,17.071428571428573,5.6
Northampton,2022-03-23,79169,1079,3,15.5,5.1
Northampton,2022-03-24,79182,1079,13,14.857142857142858,4.9
Northampton,2022-03-25,79224,1079,42,16.071428571428573,5.3
Northampton,2022-03-26,79254,1080,30,17.142857142857142,5.6
Northampton,2022-03-27,79276,1082,22,16.928571428571427,5.6
Northampton,2022-03-28,79291,1082,15,17.571428571428573,5.8
Northampton,2022-03-29,79299,1082,8,17.642857142857142,5.8
Northampton,2022-03-30,79314,1082,15,17.714285714285715,5.8
Northampton,2022-03-31,79332,1082,18,18.142857142857142,6
Northampton,2022-04-01,79364,1082,32,19.428571428571427,6.4
Northampton,2022-04-02,79393,1082,29,19.928571428571427,6.5
Northampton,2022-04-03,79418,1083,25,20.642857142857142,6.8
Northampton,2022-04-04,79418,1083,0,18.928571428571427,6.2
Northampton,2022-04-05,79432,1083,14,19,6.2
