fips,date,cases,deaths
1001,2021-05-20,7017,108
1003,2021-05-20,21467,310
1005,2021-05-20,2324,56
1007,2021-05-20,2652,64
1009,2021-05-20,6808,139
1011,2021-05-20,1233,42
1013,2021-05-20,2191,69
1015,2021-05-20,14586,319
1017,2021-05-20,3616,123
1019,2021-05-20,1850,45
1021,2021-05-20,4389,113
1023,2021-05-20,611,24
1025,2021-05-20,3517,61
1027,2021-05-20,1574,57
1029,2021-05-20,1498,41
1031,2021-05-20,5592,118
1033,2021-05-20,6329,135
1035,2021-05-20,1108,29
1037,2021-05-20,1094,28
1039,2021-05-20,4151,118
1041,2021-05-20,1536,57
1043,2021-05-20,9794,194
1045,2021-05-20,4885,113
1047,2021-05-20,3575,153
1049,2021-05-20,8872,188
1051,2021-05-20,10166,206
1053,2021-05-20,3953,77
1055,2021-05-20,13936,353
1057,2021-05-20,2133,62
1059,2021-05-20,4263,82
1061,2021-05-20,2545,79
1063,2021-05-20,926,34
1065,2021-05-20,2243,78
1067,2021-05-20,1903,43
1069,2021-05-20,10660,282
1071,2021-05-20,6848,112
1073,2021-05-20,79964,1533
1075,2021-05-20,1440,36
1077,2021-05-20,9481,243
1079,2021-05-20,3045,98
1081,2021-05-20,16011,172
1083,2021-05-20,10090,151
1085,2021-05-20,1408,53
1087,2021-05-20,1612,50
1089,2021-05-20,35193,506
1091,2021-05-20,2500,65
1093,2021-05-20,3147,101
1095,2021-05-20,12293,225
1097,2021-05-20,41337,811
1099,2021-05-20,1782,41
1101,2021-05-20,24763,593
1103,2021-05-20,14454,280
1105,2021-05-20,1078,26
1107,2021-05-20,2351,62
1109,2021-05-20,3121,77
1111,2021-05-20,1828,42
1113,2021-05-20,4468,38
1117,2021-05-20,25330,249
1115,2021-05-20,9973,245
1119,2021-05-20,1052,32
1121,2021-05-20,8351,176
1123,2021-05-20,4053,153
1125,2021-05-20,25947,455
1127,2021-05-20,7263,278
1129,2021-05-20,1678,39
1131,2021-05-20,1275,30
1133,2021-05-20,2758,73
2013,2021-05-20,369,3
2016,2021-05-20,699,1
2020,2021-05-20,30649,179
2050,2021-05-20,3895,22
2060,2021-05-20,0,0
2164,2021-05-20,198,0
2063,2021-05-20,434,3
2066,2021-05-20,243,0
2068,2021-05-20,106,0
2070,2021-05-20,229,2
2090,2021-05-20,7962,43
2100,2021-05-20,31,0
2105,2021-05-20,0,0
2110,2021-05-20,1439,5
2122,2021-05-20,4547,22
2130,2021-05-20,602,2
2150,2021-05-20,1118,6
2270,2021-05-20,1292,4
2170,2021-05-20,11683,57
2180,2021-05-20,365,0
2185,2021-05-20,1086,4
2188,2021-05-20,620,2
2195,2021-05-20,172,1
2198,2021-05-20,130,1
2220,2021-05-20,362,1
2230,2021-05-20,21,0
2240,2021-05-20,699,5
2261,2021-05-20,0,0
2275,2021-05-20,57,0
2282,2021-05-20,86,2
2290,2021-05-20,365,4
4001,2021-05-20,11383,431
4003,2021-05-20,12040,287
4005,2021-05-20,17869,332
4007,2021-05-20,6911,228
4009,2021-05-20,5610,83
4011,2021-05-20,575,10
4012,2021-05-20,2468,79
4013,2021-05-20,545875,9974
4015,2021-05-20,22898,725
4017,2021-05-20,16335,535
4019,2021-05-20,116094,2408
4021,2021-05-20,52293,884
4023,2021-05-20,7999,179
4025,2021-05-20,19075,505
4027,2021-05-20,37179,837
5001,2021-05-20,2117,37
5003,2021-05-20,2031,35
5005,2021-05-20,3185,104
5007,2021-05-20,29224,417
5009,2021-05-20,3848,80
5011,2021-05-20,1395,32
5013,2021-05-20,411,3
5015,2021-05-20,2812,46
5017,2021-05-20,1617,41
5019,2021-05-20,2116,41
5021,2021-05-20,1773,50
5023,2021-05-20,1992,75
5025,2021-05-20,954,25
5027,2021-05-20,2350,56
5029,2021-05-20,2241,32
5031,2021-05-20,13528,181
5033,2021-05-20,7098,119
5035,2021-05-20,6108,97
5037,2021-05-20,1958,50
5039,2021-05-20,759,15
5041,2021-05-20,1363,24
5043,2021-05-20,2008,44
5045,2021-05-20,12720,162
5047,2021-05-20,1695,40
5049,2021-05-20,1140,47
5051,2021-05-20,10204,259
5053,2021-05-20,1664,33
5055,2021-05-20,6145,77
5057,2021-05-20,2007,20
5059,2021-05-20,5145,74
5061,2021-05-20,1660,25
5063,2021-05-20,3773,124
5065,2021-05-20,1685,42
5067,2021-05-20,3226,38
5069,2021-05-20,8914,166
5071,2021-05-20,2926,38
5073,2021-05-20,551,9
5075,2021-05-20,2126,43
5077,2021-05-20,1691,34
5079,2021-05-20,3205,48
5081,2021-05-20,1250,42
5083,2021-05-20,2240,24
5085,2021-05-20,7397,120
5087,2021-05-20,1461,23
5089,2021-05-20,1063,30
5091,2021-05-20,4370,38
5093,2021-05-20,5869,108
5095,2021-05-20,870,17
5097,2021-05-20,756,33
5099,2021-05-20,830,24
5101,2021-05-20,730,26
5103,2021-05-20,2315,63
5105,2021-05-20,845,10
5107,2021-05-20,1839,42
5109,2021-05-20,1015,22
5111,2021-05-20,3175,77
5113,2021-05-20,1995,74
5115,2021-05-20,8082,108
5117,2021-05-20,900,21
5119,2021-05-20,39524,661
5121,2021-05-20,2138,47
5125,2021-05-20,12034,169
5127,2021-05-20,939,14
5129,2021-05-20,697,19
5131,2021-05-20,15258,281
5133,2021-05-20,2792,24
5135,2021-05-20,1611,46
5123,2021-05-20,3603,44
5137,2021-05-20,992,30
5139,2021-05-20,4034,114
5141,2021-05-20,1318,23
5143,2021-05-20,31090,352
5145,2021-05-20,8068,118
5147,2021-05-20,651,13
5149,2021-05-20,3438,65
6001,2021-05-20,88306,1674
6003,2021-05-20,88,0
6005,2021-05-20,3669,47
6007,2021-05-20,12164,191
6009,2021-05-20,2148,55
6011,2021-05-20,2246,18
6013,2021-05-20,69120,808
6015,2021-05-20,1410,8
6017,2021-05-20,10224,113
6019,2021-05-20,102056,1690
6021,2021-05-20,2403,25
6023,2021-05-20,4166,42
6025,2021-05-20,28538,730
6027,2021-05-20,1429,38
6029,2021-05-20,109424,1379
6031,2021-05-20,23019,247
6033,2021-05-20,3495,43
6035,2021-05-20,5720,24
6037,2021-05-20,1237910,24133
6039,2021-05-20,16491,243
6041,2021-05-20,14094,227
6043,2021-05-20,450,7
6045,2021-05-20,4147,49
6047,2021-05-20,31959,467
6049,2021-05-20,502,4
6051,2021-05-20,1287,4
6053,2021-05-20,43674,385
6055,2021-05-20,9905,82
6057,2021-05-20,4771,75
6059,2021-05-20,271421,5034
6061,2021-05-20,22801,295
6063,2021-05-20,720,6
6065,2021-05-20,300126,4602
6067,2021-05-20,105374,1693
6069,2021-05-20,6081,63
6071,2021-05-20,297349,4722
6073,2021-05-20,279344,3746
6075,2021-05-20,36818,546
6077,2021-05-20,73440,1400
6079,2021-05-20,21234,261
6081,2021-05-20,42099,570
6083,2021-05-20,34412,459
6085,2021-05-20,119171,2097
6087,2021-05-20,16275,207
6089,2021-05-20,12257,226
6091,2021-05-20,112,0
6093,2021-05-20,2288,26
6095,2021-05-20,33086,253
6097,2021-05-20,30104,321
6099,2021-05-20,62390,1063
6101,2021-05-20,9472,113
6103,2021-05-20,5590,63
6105,2021-05-20,406,5
6107,2021-05-20,49931,842
6109,2021-05-20,4152,67
6111,2021-05-20,81145,1017
6113,2021-05-20,13951,211
6115,2021-05-20,6309,49
8001,2021-05-20,58991,691
8003,2021-05-20,1613,31
8005,2021-05-20,60498,735
8007,2021-05-20,969,1
8009,2021-05-20,314,4
8011,2021-05-20,1537,21
8013,2021-05-20,23453,232
8014,2021-05-20,4841,75
8015,2021-05-20,1682,25
8017,2021-05-20,128,6
8019,2021-05-20,451,3
8021,2021-05-20,631,12
8023,2021-05-20,234,3
8025,2021-05-20,2200,15
8027,2021-05-20,198,1
8029,2021-05-20,2744,61
8031,2021-05-20,72484,819
8033,2021-05-20,99,0
8035,2021-05-20,29091,236
8037,2021-05-20,6302,22
8041,2021-05-20,68304,825
8039,2021-05-20,1770,13
8043,2021-05-20,6314,57
8045,2021-05-20,5852,39
8047,2021-05-20,249,3
8049,2021-05-20,1474,6
8051,2021-05-20,1346,6
8053,2021-05-20,19,0
8055,2021-05-20,417,17
8057,2021-05-20,61,0
8059,2021-05-20,47352,774
8061,2021-05-20,95,3
8063,2021-05-20,625,11
8067,2021-05-20,3976,40
8065,2021-05-20,793,0
8069,2021-05-20,26628,240
8071,2021-05-20,1135,13
8073,2021-05-20,1030,4
8075,2021-05-20,3990,67
8077,2021-05-20,15194,219
8079,2021-05-20,93,1
8081,2021-05-20,792,22
8083,2021-05-20,1948,24
8085,2021-05-20,3505,58
8087,2021-05-20,2683,94
8089,2021-05-20,2030,66
8091,2021-05-20,284,3
8093,2021-05-20,775,5
8095,2021-05-20,385,13
8097,2021-05-20,2589,4
8099,2021-05-20,1248,22
8101,2021-05-20,18818,392
8103,2021-05-20,578,4
8105,2021-05-20,826,15
8107,2021-05-20,2225,20
8109,2021-05-20,396,4
8111,2021-05-20,46,0
8113,2021-05-20,877,0
8115,2021-05-20,233,2
8117,2021-05-20,3716,8
8119,2021-05-20,1774,15
8121,2021-05-20,461,13
8123,2021-05-20,32012,340
8125,2021-05-20,918,17
9001,2021-05-20,99703,2185
9003,2021-05-20,83565,2417
9005,2021-05-20,14564,297
9007,2021-05-20,12729,369
9009,2021-05-20,91474,2107
9011,2021-05-20,22370,447
9013,2021-05-20,9531,187
9015,2021-05-20,10830,194
10001,2021-05-20,17997,342
10003,2021-05-20,63953,821
10005,2021-05-20,25756,489
11001,2021-05-20,48634,1124
12001,2021-05-20,25184,281
12003,2021-05-20,3526,60
12005,2021-05-20,20435,393
12007,2021-05-20,3033,57
12009,2021-05-20,42440,884
12011,2021-05-20,242635,3031
12013,2021-05-20,1700,45
12015,2021-05-20,13184,427
12017,2021-05-20,11261,455
12019,2021-05-20,19018,344
12021,2021-05-20,36598,539
12023,2021-05-20,8198,169
12027,2021-05-20,4384,95
12029,2021-05-20,1617,24
12031,2021-05-20,99643,1460
12033,2021-05-20,36420,698
12035,2021-05-20,7413,110
12037,2021-05-20,1347,20
12039,2021-05-20,5738,99
12041,2021-05-20,1624,44
12043,2021-05-20,967,19
12045,2021-05-20,1973,45
12047,2021-05-20,1634,25
12049,2021-05-20,3224,45
12051,2021-05-20,4805,84
12053,2021-05-20,14334,476
12055,2021-05-20,8695,361
12057,2021-05-20,140826,1785
12059,2021-05-20,2271,49
12061,2021-05-20,12702,304
12063,2021-05-20,6254,157
12065,2021-05-20,1503,28
12067,2021-05-20,1622,26
12069,2021-05-20,30468,645
12071,2021-05-20,72561,988
12073,2021-05-20,32468,324
12075,2021-05-20,3503,54
12077,2021-05-20,1078,16
12079,2021-05-20,2078,45
12081,2021-05-20,39415,683
12083,2021-05-20,31592,975
12085,2021-05-20,12537,324
12086,2021-05-20,496422,6334
12087,2021-05-20,7049,49
12089,2021-05-20,8510,126
12091,2021-05-20,20738,365
12093,2021-05-20,4082,89
12095,2021-05-20,141056,1288
12097,2021-05-20,45566,518
12099,2021-05-20,147116,2832
12101,2021-05-20,42268,777
12103,2021-05-20,80753,1648
12105,2021-05-20,70125,1354
12107,2021-05-20,6625,154
12113,2021-05-20,18399,291
12115,2021-05-20,33332,829
12117,2021-05-20,34823,507
12109,2021-05-20,23001,217
12111,2021-05-20,27008,644
12119,2021-05-20,9413,278
12121,2021-05-20,5367,138
12123,2021-05-20,2746,47
12125,2021-05-20,1836,74
12127,2021-05-20,44193,823
12129,2021-05-20,3498,56
12131,2021-05-20,7867,88
12133,2021-05-20,2745,52
13001,2021-05-20,2311,71
13003,2021-05-20,1026,22
13005,2021-05-20,1638,37
13007,2021-05-20,232,9
13009,2021-05-20,4535,130
13011,2021-05-20,1830,37
13013,2021-05-20,10055,139
13015,2021-05-20,14711,228
13017,2021-05-20,2089,79
13019,2021-05-20,1863,45
13021,2021-05-20,15903,447
13023,2021-05-20,1458,51
13025,2021-05-20,1636,37
13027,2021-05-20,1397,48
13029,2021-05-20,3670,40
13031,2021-05-20,6822,116
13033,2021-05-20,2589,60
13035,2021-05-20,3155,84
13037,2021-05-20,586,15
13039,2021-05-20,3979,37
13043,2021-05-20,966,67
13045,2021-05-20,11417,243
13047,2021-05-20,6430,70
13049,2021-05-20,1491,33
13051,2021-05-20,23308,455
13053,2021-05-20,4091,15
13055,2021-05-20,2841,71
13057,2021-05-20,31192,321
13059,2021-05-20,15099,146
13061,2021-05-20,239,3
13063,2021-05-20,26941,488
13065,2021-05-20,984,26
13067,2021-05-20,79012,1064
13069,2021-05-20,5298,171
13071,2021-05-20,4694,122
13073,2021-05-20,16952,204
13075,2021-05-20,1830,42
13077,2021-05-20,14194,219
13079,2021-05-20,655,19
13081,2021-05-20,2094,81
13083,2021-05-20,1435,14
13085,2021-05-20,3081,46
13087,2021-05-20,2934,70
13089,2021-05-20,66350,1027
13091,2021-05-20,2104,102
13093,2021-05-20,1082,46
13095,2021-05-20,7598,305
13097,2021-05-20,15339,224
13099,2021-05-20,1174,48
13101,2021-05-20,472,9
13103,2021-05-20,4629,69
13105,2021-05-20,2293,73
13107,2021-05-20,2569,82
13109,2021-05-20,971,29
13111,2021-05-20,2387,72
13113,2021-05-20,9016,170
13115,2021-05-20,11976,232
13117,2021-05-20,22577,195
13119,2021-05-20,2664,51
13121,2021-05-20,97922,1393
13123,2021-05-20,2985,84
13125,2021-05-20,267,19
13127,2021-05-20,8218,174
13129,2021-05-20,8166,117
13131,2021-05-20,2191,60
13133,2021-05-20,1831,64
13135,2021-05-20,102035,1161
13137,2021-05-20,5073,161
13139,2021-05-20,27384,474
13141,2021-05-20,914,66
13143,2021-05-20,2643,85
13145,2021-05-20,2577,59
13147,2021-05-20,2364,54
13149,2021-05-20,881,20
13151,2021-05-20,25470,327
13153,2021-05-20,14711,259
13155,2021-05-20,917,31
13157,2021-05-20,9890,152
13159,2021-05-20,1403,39
13161,2021-05-20,1895,44
13163,2021-05-20,1950,68
13165,2021-05-20,854,43
13167,2021-05-20,1118,49
13169,2021-05-20,2019,57
13171,2021-05-20,2048,57
13173,2021-05-20,784,13
13175,2021-05-20,5597,169
13177,2021-05-20,2748,60
13179,2021-05-20,4051,64
13181,2021-05-20,818,26
13183,2021-05-20,864,12
13185,2021-05-20,12778,211
13187,2021-05-20,2980,75
13193,2021-05-20,884,31
13195,2021-05-20,3253,57
13197,2021-05-20,564,19
13189,2021-05-20,2508,50
13191,2021-05-20,863,16
13199,2021-05-20,2031,86
13201,2021-05-20,854,13
13205,2021-05-20,2081,83
13207,2021-05-20,2660,100
13209,2021-05-20,891,23
13211,2021-05-20,2136,30
13213,2021-05-20,4979,86
13215,2021-05-20,16522,467
13217,2021-05-20,11209,250
13219,2021-05-20,4021,73
13221,2021-05-20,1488,29
13223,2021-05-20,17040,223
13225,2021-05-20,2670,59
13227,2021-05-20,3461,79
13229,2021-05-20,2491,57
13231,2021-05-20,2288,41
13233,2021-05-20,5661,95
13235,2021-05-20,927,44
13237,2021-05-20,2191,56
13239,2021-05-20,168,2
13241,2021-05-20,1759,48
13243,2021-05-20,629,34
13245,2021-05-20,24839,514
13247,2021-05-20,7726,171
13249,2021-05-20,351,5
13251,2021-05-20,991,31
13253,2021-05-20,951,19
13255,2021-05-20,6357,191
13257,2021-05-20,3111,83
13259,2021-05-20,903,25
13261,2021-05-20,2576,102
13263,2021-05-20,485,18
13265,2021-05-20,123,3
13267,2021-05-20,2318,66
13269,2021-05-20,801,25
13271,2021-05-20,1307,58
13273,2021-05-20,815,48
13275,2021-05-20,4469,124
13277,2021-05-20,4920,126
13279,2021-05-20,3413,113
13281,2021-05-20,1235,56
13283,2021-05-20,848,27
13285,2021-05-20,7555,227
13287,2021-05-20,1026,39
13289,2021-05-20,728,44
13291,2021-05-20,2237,73
13293,2021-05-20,3475,127
13295,2021-05-20,7568,87
13297,2021-05-20,10647,262
13299,2021-05-20,4904,178
13301,2021-05-20,536,17
13303,2021-05-20,2053,88
13305,2021-05-20,3603,89
13307,2021-05-20,145,4
13309,2021-05-20,629,24
13311,2021-05-20,3184,80
13313,2021-05-20,16912,245
13315,2021-05-20,825,47
13317,2021-05-20,1085,28
13319,2021-05-20,931,28
13321,2021-05-20,1794,68
15001,2021-05-20,2834,53
15003,2021-05-20,26694,380
15005,2021-05-20,0,0
15007,2021-05-20,313,2
15009,2021-05-20,4554,54
16001,2021-05-20,52469,469
16003,2021-05-20,341,4
16005,2021-05-20,8792,109
16007,2021-05-20,386,2
16009,2021-05-20,688,9
16011,2021-05-20,4838,74
16013,2021-05-20,2380,18
16015,2021-05-20,361,2
16017,2021-05-20,3266,42
16019,2021-05-20,14927,168
16021,2021-05-20,871,10
16023,2021-05-20,210,1
16025,2021-05-20,72,0
16027,2021-05-20,26934,298
16029,2021-05-20,697,12
16031,2021-05-20,2946,27
16033,2021-05-20,59,0
16035,2021-05-20,1052,13
16037,2021-05-20,253,3
16039,2021-05-20,2042,17
16041,2021-05-20,1193,16
16043,2021-05-20,1133,14
16045,2021-05-20,1789,38
16047,2021-05-20,1316,24
16049,2021-05-20,1242,18
16051,2021-05-20,3009,29
16053,2021-05-20,2613,23
16055,2021-05-20,18307,209
16057,2021-05-20,3181,10
16059,2021-05-20,529,9
16061,2021-05-20,405,9
16063,2021-05-20,511,11
16065,2021-05-20,7231,28
16067,2021-05-20,2342,33
16069,2021-05-20,3650,54
16071,2021-05-20,362,4
16073,2021-05-20,1070,29
16075,2021-05-20,2576,37
16077,2021-05-20,655,9
16079,2021-05-20,1127,34
16081,2021-05-20,1225,4
16083,2021-05-20,9596,127
16085,2021-05-20,841,6
16087,2021-05-20,1225,21
17001,2021-05-20,8520,124
17003,2021-05-20,470,11
17005,2021-05-20,2061,24
17007,2021-05-20,6724,74
17009,2021-05-20,717,6
17011,2021-05-20,3734,82
17013,2021-05-20,518,2
17015,2021-05-20,1757,36
17017,2021-05-20,2001,25
17019,2021-05-20,20774,145
17021,2021-05-20,3702,73
17023,2021-05-20,1807,33
17025,2021-05-20,1482,43
17027,2021-05-20,5766,90
17029,2021-05-20,5703,98
17031,2021-05-20,548542,10174
17033,2021-05-20,2129,26
17035,2021-05-20,1291,19
17039,2021-05-20,1527,25
17037,2021-05-20,9939,121
17041,2021-05-20,2594,35
17043,2021-05-20,91075,1286
17045,2021-05-20,1716,40
17047,2021-05-20,571,12
17049,2021-05-20,4735,72
17051,2021-05-20,3183,55
17053,2021-05-20,1803,47
17055,2021-05-20,4470,76
17057,2021-05-20,3974,57
17059,2021-05-20,461,4
17061,2021-05-20,1443,33
17063,2021-05-20,5911,76
17065,2021-05-20,838,15
17067,2021-05-20,1770,31
17069,2021-05-20,386,12
17071,2021-05-20,524,14
17073,2021-05-20,5024,67
17075,2021-05-20,3041,66
17077,2021-05-20,5041,64
17079,2021-05-20,1153,18
17081,2021-05-20,4392,120
17083,2021-05-20,2697,50
17085,2021-05-20,1819,24
17087,2021-05-20,1450,15
17089,2021-05-20,58727,779
17091,2021-05-20,14269,210
17093,2021-05-20,13128,94
17095,2021-05-20,5585,150
17097,2021-05-20,67575,992
17099,2021-05-20,12616,244
17101,2021-05-20,2409,25
17103,2021-05-20,4184,53
17105,2021-05-20,4842,85
17107,2021-05-20,3903,59
17115,2021-05-20,10808,201
17117,2021-05-20,4735,84
17119,2021-05-20,30636,520
17121,2021-05-20,4476,115
17123,2021-05-20,1077,18
17125,2021-05-20,1521,45
17127,2021-05-20,1349,40
17109,2021-05-20,2871,49
17111,2021-05-20,28747,287
17113,2021-05-20,18296,181
17129,2021-05-20,1238,12
17131,2021-05-20,1478,33
17133,2021-05-20,4359,93
17135,2021-05-20,3741,73
17137,2021-05-20,3911,82
17139,2021-05-20,1616,28
17141,2021-05-20,6127,81
17143,2021-05-20,23259,322
17145,2021-05-20,3182,60
17147,2021-05-20,1509,14
17149,2021-05-20,1793,52
17151,2021-05-20,322,4
17153,2021-05-20,688,7
17155,2021-05-20,483,3
17157,2021-05-20,4138,84
17159,2021-05-20,1758,39
17161,2021-05-20,15084,318
17165,2021-05-20,2574,54
17167,2021-05-20,18864,234
17169,2021-05-20,771,7
17171,2021-05-20,479,1
17173,2021-05-20,2304,37
17163,2021-05-20,27946,514
17175,2021-05-20,641,24
17177,2021-05-20,4784,83
17179,2021-05-20,17029,293
17181,2021-05-20,2264,40
17183,2021-05-20,9752,132
17185,2021-05-20,1346,12
17187,2021-05-20,1803,46
17189,2021-05-20,1645,25
17191,2021-05-20,1791,53
17193,2021-05-20,1697,26
17195,2021-05-20,7170,172
17197,2021-05-20,75994,998
17199,2021-05-20,7463,131
17201,2021-05-20,33483,479
17203,2021-05-20,4769,77
18001,2021-05-20,3431,55
18003,2021-05-20,41042,683
18005,2021-05-20,8103,156
18007,2021-05-20,991,14
18009,2021-05-20,1351,32
18011,2021-05-20,6758,101
18013,2021-05-20,1028,41
18015,2021-05-20,1909,20
18017,2021-05-20,5883,106
18019,2021-05-20,13053,192
18021,2021-05-20,2616,47
18023,2021-05-20,4292,53
18025,2021-05-20,1014,15
18027,2021-05-20,2986,99
18029,2021-05-20,5837,78
18031,2021-05-20,2864,92
18033,2021-05-20,4316,85
18035,2021-05-20,10776,188
18037,2021-05-20,6171,117
18039,2021-05-20,28907,444
18041,2021-05-20,2823,63
18043,2021-05-20,7693,178
18045,2021-05-20,2145,46
18047,2021-05-20,1686,35
18049,2021-05-20,1964,40
18051,2021-05-20,4391,92
18053,2021-05-20,7110,174
18055,2021-05-20,2812,85
18057,2021-05-20,35891,409
18059,2021-05-20,8384,142
18061,2021-05-20,4370,73
18063,2021-05-20,17343,315
18065,2021-05-20,5797,105
18067,2021-05-20,10015,220
18069,2021-05-20,3957,80
18071,2021-05-20,5043,73
18073,2021-05-20,3746,50
18075,2021-05-20,1982,30
18077,2021-05-20,3319,82
18079,2021-05-20,2313,49
18081,2021-05-20,18097,381
18083,2021-05-20,3733,90
18085,2021-05-20,9481,117
18087,2021-05-20,2692,70
18089,2021-05-20,54367,986
18091,2021-05-20,12118,216
18093,2021-05-20,4613,120
18095,2021-05-20,12779,339
18097,2021-05-20,100894,1753
18099,2021-05-20,6125,112
18101,2021-05-20,896,15
18103,2021-05-20,3850,68
18105,2021-05-20,11980,172
18107,2021-05-20,4265,89
18109,2021-05-20,6617,140
18111,2021-05-20,1094,35
18113,2021-05-20,5674,84
18115,2021-05-20,573,11
18117,2021-05-20,1853,54
18119,2021-05-20,2038,56
18121,2021-05-20,1467,16
18123,2021-05-20,1846,37
18125,2021-05-20,1358,34
18127,2021-05-20,18981,314
18129,2021-05-20,2721,34
18131,2021-05-20,1176,46
18133,2021-05-20,3644,60
18135,2021-05-20,2423,81
18137,2021-05-20,3409,70
18139,2021-05-20,1742,25
18143,2021-05-20,2676,55
18145,2021-05-20,4955,96
18147,2021-05-20,2331,31
18141,2021-05-20,36408,554
18149,2021-05-20,2196,54
18151,2021-05-20,3923,57
18153,2021-05-20,2123,42
18155,2021-05-20,794,8
18157,2021-05-20,22507,220
18159,2021-05-20,1635,45
18161,2021-05-20,717,10
18163,2021-05-20,22387,397
18165,2021-05-20,1705,44
18167,2021-05-20,12515,250
18169,2021-05-20,3556,80
18171,2021-05-20,827,15
18173,2021-05-20,7805,155
18175,2021-05-20,2423,32
18177,2021-05-20,7082,199
18179,2021-05-20,2923,81
18181,2021-05-20,3182,53
18183,2021-05-20,3994,39
19001,2021-05-20,869,32
19003,2021-05-20,340,4
19005,2021-05-20,1516,51
19007,2021-05-20,1283,49
19009,2021-05-20,511,10
19011,2021-05-20,2568,55
19013,2021-05-20,15844,308
19015,2021-05-20,2656,34
19017,2021-05-20,2860,60
19019,2021-05-20,1915,32
19021,2021-05-20,4248,40
19023,2021-05-20,1652,35
19025,2021-05-20,1387,13
19027,2021-05-20,2862,52
19029,2021-05-20,1389,54
19031,2021-05-20,1905,23
19033,2021-05-20,5434,89
19035,2021-05-20,1590,38
19037,2021-05-20,1243,16
19039,2021-05-20,1003,24
19041,2021-05-20,2158,26
19043,2021-05-20,1695,56
19045,2021-05-20,5572,93
19047,2021-05-20,2670,40
19049,2021-05-20,11211,98
19051,2021-05-20,838,24
19053,2021-05-20,608,9
19055,2021-05-20,2100,41
19057,2021-05-20,4608,66
19059,2021-05-20,2485,44
19061,2021-05-20,13399,209
19063,2021-05-20,1343,40
19065,2021-05-20,1852,41
19067,2021-05-20,1615,42
19069,2021-05-20,1215,21
19071,2021-05-20,623,9
19073,2021-05-20,776,10
19075,2021-05-20,1365,33
19077,2021-05-20,1222,30
19079,2021-05-20,1802,50
19081,2021-05-20,1488,34
19083,2021-05-20,1859,44
19085,2021-05-20,1797,73
19087,2021-05-20,2930,37
19089,2021-05-20,1046,22
19091,2021-05-20,1192,26
19093,2021-05-20,906,35
19095,2021-05-20,1490,24
19097,2021-05-20,2231,42
19099,2021-05-20,4197,72
19101,2021-05-20,1329,35
19103,2021-05-20,14513,83
19105,2021-05-20,2993,57
19107,2021-05-20,963,31
19109,2021-05-20,2155,64
19111,2021-05-20,3766,55
19113,2021-05-20,20953,335
19115,2021-05-20,1286,49
19117,2021-05-20,774,23
19119,2021-05-20,1583,41
19121,2021-05-20,1629,19
19123,2021-05-20,2307,51
19125,2021-05-20,3637,76
19127,2021-05-20,4840,75
19129,2021-05-20,1626,23
19131,2021-05-20,1264,42
19133,2021-05-20,827,31
19135,2021-05-20,955,29
19137,2021-05-20,1033,38
19139,2021-05-20,4832,100
19141,2021-05-20,1996,60
19143,2021-05-20,788,16
19145,2021-05-20,1928,22
19147,2021-05-20,1134,23
19149,2021-05-20,4013,80
19151,2021-05-20,855,22
19153,2021-05-20,57804,628
19155,2021-05-20,11153,169
19157,2021-05-20,1553,34
19159,2021-05-20,558,24
19161,2021-05-20,1305,19
19163,2021-05-20,20117,243
19165,2021-05-20,1312,37
19167,2021-05-20,5149,74
19169,2021-05-20,10642,48
19171,2021-05-20,2101,71
19173,2021-05-20,661,12
19175,2021-05-20,1283,33
19177,2021-05-20,561,18
19179,2021-05-20,4316,122
19181,2021-05-20,5791,90
19183,2021-05-20,2542,50
19185,2021-05-20,540,23
19187,2021-05-20,5128,94
19189,2021-05-20,1427,31
19191,2021-05-20,1969,35
19193,2021-05-20,15162,228
19195,2021-05-20,750,8
19197,2021-05-20,1851,37
20001,2021-05-20,1246,20
20003,2021-05-20,838,18
20005,2021-05-20,1632,14
20007,2021-05-20,374,6
20009,2021-05-20,2617,49
20011,2021-05-20,1419,25
20013,2021-05-20,1240,38
20015,2021-05-20,7567,87
20017,2021-05-20,271,3
20019,2021-05-20,267,6
20021,2021-05-20,2490,53
20023,2021-05-20,363,14
20025,2021-05-20,252,7
20027,2021-05-20,803,29
20029,2021-05-20,985,23
20031,2021-05-20,737,23
20033,2021-05-20,169,9
20035,2021-05-20,3987,108
20037,2021-05-20,4739,78
20039,2021-05-20,267,12
20041,2021-05-20,1775,45
20043,2021-05-20,970,23
20045,2021-05-20,9300,84
20047,2021-05-20,267,12
20049,2021-05-20,179,5
20051,2021-05-20,3748,72
20053,2021-05-20,1222,26
20055,2021-05-20,6079,72
20057,2021-05-20,5763,75
20059,2021-05-20,2572,42
20061,2021-05-20,3428,40
20063,2021-05-20,386,19
20065,2021-05-20,265,9
20067,2021-05-20,945,18
20069,2021-05-20,565,14
20071,2021-05-20,104,1
20073,2021-05-20,559,11
20075,2021-05-20,205,1
20077,2021-05-20,617,18
20079,2021-05-20,3662,69
20081,2021-05-20,419,9
20083,2021-05-20,212,8
20085,2021-05-20,1408,16
20087,2021-05-20,1739,35
20089,2021-05-20,211,6
20091,2021-05-20,58864,764
20093,2021-05-20,572,10
20095,2021-05-20,767,15
20097,2021-05-20,238,4
20099,2021-05-20,2745,50
20101,2021-05-20,128,7
20103,2021-05-20,7238,91
20105,2021-05-20,263,5
20107,2021-05-20,821,8
20109,2021-05-20,289,6
20111,2021-05-20,4291,85
20115,2021-05-20,1111,24
20117,2021-05-20,1100,26
20113,2021-05-20,3277,82
20119,2021-05-20,515,12
20121,2021-05-20,2766,42
20123,2021-05-20,562,18
20125,2021-05-20,3470,82
20127,2021-05-20,588,22
20129,2021-05-20,264,8
20131,2021-05-20,1513,55
20133,2021-05-20,1807,35
20135,2021-05-20,372,16
20137,2021-05-20,1205,27
20139,2021-05-20,1255,26
20141,2021-05-20,290,12
20143,2021-05-20,549,13
20145,2021-05-20,1168,13
20147,2021-05-20,714,24
20149,2021-05-20,1905,30
20151,2021-05-20,815,25
20153,2021-05-20,300,7
20155,2021-05-20,8542,139
20157,2021-05-20,661,13
20159,2021-05-20,1076,12
20161,2021-05-20,6497,43
20163,2021-05-20,656,11
20165,2021-05-20,431,14
20167,2021-05-20,859,28
20169,2021-05-20,6279,140
20171,2021-05-20,596,24
20173,2021-05-20,56960,759
20175,2021-05-20,3870,41
20177,2021-05-20,17530,363
20179,2021-05-20,435,13
20181,2021-05-20,641,12
20183,2021-05-20,271,3
20185,2021-05-20,343,9
20187,2021-05-20,185,6
20189,2021-05-20,558,10
20191,2021-05-20,2181,51
20193,2021-05-20,1098,20
20195,2021-05-20,406,8
20197,2021-05-20,684,13
20199,2021-05-20,179,4
20201,2021-05-20,534,14
20203,2021-05-20,216,6
20205,2021-05-20,1016,16
20207,2021-05-20,218,5
20209,2021-05-20,20511,281
21001,2021-05-20,1908,54
21003,2021-05-20,2087,40
21005,2021-05-20,1752,22
21007,2021-05-20,404,9
21009,2021-05-20,4464,92
21011,2021-05-20,1007,22
21013,2021-05-20,3114,54
21015,2021-05-20,14053,124
21017,2021-05-20,1706,18
21019,2021-05-20,5019,75
21021,2021-05-20,3448,70
21023,2021-05-20,645,7
21025,2021-05-20,1030,9
21027,2021-05-20,1288,16
21029,2021-05-20,7285,75
21031,2021-05-20,1467,24
21033,2021-05-20,1459,31
21035,2021-05-20,3528,51
21037,2021-05-20,8520,70
21039,2021-05-20,479,9
21041,2021-05-20,1016,19
21043,2021-05-20,2297,35
21045,2021-05-20,1431,35
21047,2021-05-20,6957,104
21049,2021-05-20,2917,29
21051,2021-05-20,2678,44
21053,2021-05-20,1446,31
21055,2021-05-20,668,21
21057,2021-05-20,699,10
21059,2021-05-20,10839,185
21061,2021-05-20,915,23
21063,2021-05-20,964,2
21065,2021-05-20,1124,11
21067,2021-05-20,35923,307
21069,2021-05-20,1202,24
21071,2021-05-20,3431,69
21073,2021-05-20,4076,48
21075,2021-05-20,529,14
21077,2021-05-20,706,30
21079,2021-05-20,1535,35
21081,2021-05-20,2344,19
21083,2021-05-20,4221,93
21085,2021-05-20,2187,55
21087,2021-05-20,1224,16
21089,2021-05-20,3629,59
21091,2021-05-20,890,15
21093,2021-05-20,9783,157
21095,2021-05-20,2853,83
21097,2021-05-20,1709,23
21099,2021-05-20,2001,47
21101,2021-05-20,4870,75
21103,2021-05-20,1364,13
21105,2021-05-20,391,10
21107,2021-05-20,4516,146
21109,2021-05-20,1319,32
21111,2021-05-20,81236,1194
21113,2021-05-20,4696,64
21115,2021-05-20,1998,35
21117,2021-05-20,16449,177
21119,2021-05-20,1144,23
21121,2021-05-20,3327,37
21123,2021-05-20,1339,26
21125,2021-05-20,6733,72
21127,2021-05-20,1460,25
21129,2021-05-20,1286,26
21131,2021-05-20,920,8
21133,2021-05-20,1922,44
21135,2021-05-20,1348,37
21137,2021-05-20,2357,52
21139,2021-05-20,854,20
21141,2021-05-20,2863,66
21143,2021-05-20,1539,19
21151,2021-05-20,9386,111
21153,2021-05-20,983,15
21155,2021-05-20,2336,38
21157,2021-05-20,2824,57
21159,2021-05-20,1034,20
21161,2021-05-20,1706,36
21145,2021-05-20,6742,125
21147,2021-05-20,2014,32
21149,2021-05-20,887,27
21163,2021-05-20,2045,25
21165,2021-05-20,481,17
21167,2021-05-20,2582,50
21169,2021-05-20,1047,26
21171,2021-05-20,1336,42
21173,2021-05-20,2750,30
21175,2021-05-20,2276,3
21177,2021-05-20,2982,65
21179,2021-05-20,4935,57
21181,2021-05-20,556,8
21183,2021-05-20,2483,54
21185,2021-05-20,7650,83
21187,2021-05-20,694,13
21189,2021-05-20,498,15
21191,2021-05-20,1033,5
21193,2021-05-20,2668,66
21195,2021-05-20,5599,98
21197,2021-05-20,1313,12
21199,2021-05-20,6520,100
21201,2021-05-20,230,14
21203,2021-05-20,1572,23
21205,2021-05-20,2248,20
21207,2021-05-20,1884,44
21209,2021-05-20,5024,33
21211,2021-05-20,4775,70
21213,2021-05-20,2123,38
21215,2021-05-20,1613,23
21217,2021-05-20,3171,48
21219,2021-05-20,1147,26
21221,2021-05-20,1308,14
21223,2021-05-20,692,7
21225,2021-05-20,1382,15
21227,2021-05-20,16058,171
21229,2021-05-20,1448,37
21231,2021-05-20,2217,47
21233,2021-05-20,1296,20
21235,2021-05-20,5020,57
21237,2021-05-20,532,5
21239,2021-05-20,2147,20
22001,2021-05-20,6603,194
22003,2021-05-20,3204,92
22005,2021-05-20,12428,165
22007,2021-05-20,2230,36
22009,2021-05-20,4243,123
22011,2021-05-20,3219,78
22013,2021-05-20,1679,82
22015,2021-05-20,14042,303
22017,2021-05-20,26370,744
22019,2021-05-20,22681,438
22021,2021-05-20,1115,29
22023,2021-05-20,603,6
22025,2021-05-20,1164,38
22027,2021-05-20,1447,55
22029,2021-05-20,1875,61
22031,2021-05-20,2807,78
22033,2021-05-20,40009,814
22035,2021-05-20,1131,26
22037,2021-05-20,3180,112
22039,2021-05-20,3630,93
22041,2021-05-20,2500,106
22043,2021-05-20,2181,56
22045,2021-05-20,7194,153
22047,2021-05-20,3860,100
22049,2021-05-20,2000,50
22051,2021-05-20,46528,895
22053,2021-05-20,3193,97
22055,2021-05-20,23779,280
22057,2021-05-20,9717,204
22059,2021-05-20,1577,37
22061,2021-05-20,4549,93
22063,2021-05-20,13575,206
22065,2021-05-20,1566,40
22067,2021-05-20,2844,77
22069,2021-05-20,4082,91
22071,2021-05-20,30369,794
22073,2021-05-20,18622,454
22075,2021-05-20,2529,27
22077,2021-05-20,2663,74
22079,2021-05-20,12328,317
22081,2021-05-20,879,38
22083,2021-05-20,2450,56
22085,2021-05-20,2961,60
22087,2021-05-20,4052,52
22089,2021-05-20,5474,97
22091,2021-05-20,940,11
22093,2021-05-20,1991,50
22095,2021-05-20,3751,139
22097,2021-05-20,8967,257
22099,2021-05-20,5362,116
22101,2021-05-20,4780,139
22103,2021-05-20,25840,525
22105,2021-05-20,12797,297
22107,2021-05-20,359,8
22109,2021-05-20,10386,223
22111,2021-05-20,2413,78
22113,2021-05-20,5474,119
22115,2021-05-20,3121,102
22117,2021-05-20,4390,132
22119,2021-05-20,4136,113
22121,2021-05-20,2906,60
22123,2021-05-20,1180,41
22125,2021-05-20,1161,34
22127,2021-05-20,1559,44
23001,2021-05-20,8068,73
23003,2021-05-20,1802,45
23005,2021-05-20,16947,194
23007,2021-05-20,1314,15
23009,2021-05-20,1312,36
23011,2021-05-20,6283,69
23013,2021-05-20,1103,5
23015,2021-05-20,1014,2
23017,2021-05-20,3494,64
23019,2021-05-20,5903,91
23021,2021-05-20,531,6
23023,2021-05-20,1417,10
23025,2021-05-20,2117,30
23027,2021-05-20,981,21
23029,2021-05-20,862,16
23031,2021-05-20,13167,130
24001,2021-05-20,6958,208
24003,2021-05-20,43506,612
24005,2021-05-20,65084,1515
24510,2021-05-20,52408,1097
24009,2021-05-20,4197,78
24011,2021-05-20,2323,25
24013,2021-05-20,9391,239
24015,2021-05-20,6247,137
24017,2021-05-20,10746,195
24019,2021-05-20,2802,51
24021,2021-05-20,19676,325
24023,2021-05-20,2020,63
24025,2021-05-20,16441,277
24027,2021-05-20,19123,233
24029,2021-05-20,1340,46
24031,2021-05-20,70585,1537
24033,2021-05-20,84561,1491
24035,2021-05-20,2972,46
24039,2021-05-20,2581,38
24037,2021-05-20,5976,124
24041,2021-05-20,2141,37
24043,2021-05-20,14469,281
24045,2021-05-20,7602,153
24047,2021-05-20,3616,99
25001,2021-05-20,13823,466
25003,2021-05-20,6497,285
25005,2021-05-20,66254,1719
25007,2021-05-20,0,0
25009,2021-05-20,97072,2378
25011,2021-05-20,2552,113
25013,2021-05-20,51898,1511
25015,2021-05-20,9112,295
25017,2021-05-20,134286,3749
25019,2021-05-20,0,0
25021,2021-05-20,54579,1781
25023,2021-05-20,48834,1432
25025,2021-05-20,92313,1834
25027,2021-05-20,76717,2219
26001,2021-05-20,733,29
26003,2021-05-20,513,6
26005,2021-05-20,10933,141
26007,2021-05-20,2225,61
26009,2021-05-20,1612,28
26011,2021-05-20,1191,29
26013,2021-05-20,783,37
26015,2021-05-20,5850,65
26017,2021-05-20,11121,343
26019,2021-05-20,1267,34
26021,2021-05-20,15230,278
26023,2021-05-20,4753,96
26025,2021-05-20,14228,291
26027,2021-05-20,5390,76
26029,2021-05-20,1640,20
26031,2021-05-20,1908,45
26033,2021-05-20,2455,33
26035,2021-05-20,2428,80
26037,2021-05-20,7507,85
26039,2021-05-20,981,14
26041,2021-05-20,4000,93
26043,2021-05-20,2721,74
26045,2021-05-20,10004,203
26047,2021-05-20,2354,41
26049,2021-05-20,41267,929
26051,2021-05-20,2279,56
26053,2021-05-20,1396,50
26055,2021-05-20,6378,96
26057,2021-05-20,4011,116
26059,2021-05-20,4340,91
26061,2021-05-20,3108,40
26063,2021-05-20,4053,75
26065,2021-05-20,24535,373
26067,2021-05-20,6160,79
26069,2021-05-20,1963,71
26071,2021-05-20,1046,51
26073,2021-05-20,6230,93
26075,2021-05-20,15569,272
26077,2021-05-20,22744,390
26079,2021-05-20,1106,23
26081,2021-05-20,71761,822
26083,2021-05-20,175,2
26085,2021-05-20,619,15
26087,2021-05-20,9108,193
26089,2021-05-20,1233,18
26091,2021-05-20,9248,160
26093,2021-05-20,16491,181
26095,2021-05-20,443,3
26097,2021-05-20,688,3
26099,2021-05-20,98730,2375
26101,2021-05-20,1179,22
26103,2021-05-20,5042,61
26105,2021-05-20,2106,36
26107,2021-05-20,3142,31
26109,2021-05-20,2103,42
26111,2021-05-20,7423,86
26113,2021-05-20,1484,24
26115,2021-05-20,15169,255
26117,2021-05-20,5886,107
26119,2021-05-20,596,20
26121,2021-05-20,15778,348
26123,2021-05-20,4763,64
26125,2021-05-20,116794,2318
26127,2021-05-20,2719,59
26129,2021-05-20,1698,40
26131,2021-05-20,466,21
26133,2021-05-20,1920,28
26135,2021-05-20,648,29
26137,2021-05-20,2313,40
26139,2021-05-20,32349,412
26141,2021-05-20,1040,32
26143,2021-05-20,1872,48
26145,2021-05-20,20945,588
26151,2021-05-20,4213,112
26153,2021-05-20,413,5
26155,2021-05-20,6311,103
26147,2021-05-20,18151,428
26149,2021-05-20,6120,97
26157,2021-05-20,5609,171
26159,2021-05-20,6993,124
26161,2021-05-20,26213,288
26163,2021-05-20,162486,4897
26165,2021-05-20,2863,45
27001,2021-05-20,1358,36
27003,2021-05-20,42021,441
27005,2021-05-20,3818,53
27007,2021-05-20,4008,59
27009,2021-05-20,5742,97
27011,2021-05-20,600,4
27013,2021-05-20,7548,41
27015,2021-05-20,3061,40
27017,2021-05-20,3468,55
27019,2021-05-20,10533,45
27021,2021-05-20,2761,30
27023,2021-05-20,1528,38
27025,2021-05-20,6058,51
27027,2021-05-20,8193,92
27029,2021-05-20,875,16
27031,2021-05-20,167,0
27033,2021-05-20,1662,23
27035,2021-05-20,6686,90
27037,2021-05-20,46159,454
27039,2021-05-20,1856,3
27041,2021-05-20,4704,76
27043,2021-05-20,1530,19
27045,2021-05-20,1568,10
27047,2021-05-20,3427,29
27049,2021-05-20,4796,72
27051,2021-05-20,583,8
27053,2021-05-20,123262,1738
27055,2021-05-20,1720,16
27057,2021-05-20,1911,41
27059,2021-05-20,4270,64
27061,2021-05-20,4440,58
27063,2021-05-20,1220,12
27065,2021-05-20,1453,27
27067,2021-05-20,6582,84
27069,2021-05-20,487,22
27071,2021-05-20,858,15
27073,2021-05-20,754,22
27075,2021-05-20,814,20
27077,2021-05-20,335,3
27079,2021-05-20,2938,24
27081,2021-05-20,581,3
27083,2021-05-20,3618,51
27087,2021-05-20,555,9
27089,2021-05-20,881,17
27091,2021-05-20,2315,32
27085,2021-05-20,4265,59
27093,2021-05-20,2590,40
27095,2021-05-20,3068,54
27097,2021-05-20,4203,60
27099,2021-05-20,4680,32
27101,2021-05-20,1066,9
27103,2021-05-20,3274,43
27105,2021-05-20,4082,48
27107,2021-05-20,541,9
27109,2021-05-20,13296,99
27111,2021-05-20,5770,78
27113,2021-05-20,1537,19
27115,2021-05-20,3300,23
27117,2021-05-20,1160,26
27119,2021-05-20,3855,69
27121,2021-05-20,1111,6
27123,2021-05-20,51702,879
27125,2021-05-20,400,7
27127,2021-05-20,1750,37
27129,2021-05-20,1805,43
27131,2021-05-20,8095,108
27133,2021-05-20,1284,19
27135,2021-05-20,2101,19
27139,2021-05-20,17359,128
27141,2021-05-20,11805,88
27143,2021-05-20,1447,10
27137,2021-05-20,17870,305
27145,2021-05-20,22352,222
27147,2021-05-20,3916,15
27149,2021-05-20,919,11
27151,2021-05-20,1061,18
27153,2021-05-20,2835,32
27155,2021-05-20,372,5
27157,2021-05-20,2066,3
27159,2021-05-20,1571,22
27161,2021-05-20,2367,22
27163,2021-05-20,27058,286
27165,2021-05-20,1344,9
27167,2021-05-20,817,12
27169,2021-05-20,4557,50
27171,2021-05-20,16173,141
27173,2021-05-20,1144,20
28001,2021-05-20,2950,82
28003,2021-05-20,3147,71
28005,2021-05-20,1237,42
28007,2021-05-20,2146,73
28009,2021-05-20,1012,25
28011,2021-05-20,4808,132
28013,2021-05-20,1715,32
28015,2021-05-20,1219,29
28017,2021-05-20,2087,57
28019,2021-05-20,769,18
28021,2021-05-20,1025,30
28023,2021-05-20,1781,80
28025,2021-05-20,1856,54
28027,2021-05-20,2966,79
28029,2021-05-20,2980,65
28031,2021-05-20,2611,81
28033,2021-05-20,21941,260
28035,2021-05-20,7721,152
28037,2021-05-20,843,23
28039,2021-05-20,2496,48
28041,2021-05-20,1307,33
28043,2021-05-20,2621,87
28045,2021-05-20,3812,87
28047,2021-05-20,18017,310
28049,2021-05-20,20403,416
28051,2021-05-20,1891,74
28053,2021-05-20,970,33
28055,2021-05-20,169,6
28057,2021-05-20,3017,77
28059,2021-05-20,13476,246
28061,2021-05-20,2211,48
28063,2021-05-20,657,28
28065,2021-05-20,1073,33
28067,2021-05-20,8394,164
28069,2021-05-20,958,28
28071,2021-05-20,6213,119
28073,2021-05-20,6259,86
28075,2021-05-20,7205,240
28077,2021-05-20,1304,24
28079,2021-05-20,2691,73
28081,2021-05-20,9992,175
28083,2021-05-20,3500,125
28085,2021-05-20,3983,111
28087,2021-05-20,6416,148
28089,2021-05-20,10141,218
28091,2021-05-20,2698,80
28093,2021-05-20,4538,103
28095,2021-05-20,4124,133
28097,2021-05-20,1273,42
28099,2021-05-20,4039,178
28101,2021-05-20,2471,63
28103,2021-05-20,1268,34
28105,2021-05-20,4636,98
28107,2021-05-20,4610,108
28109,2021-05-20,4536,146
28111,2021-05-20,1263,38
28113,2021-05-20,3334,105
28115,2021-05-20,4216,73
28117,2021-05-20,2804,60
28119,2021-05-20,813,16
28121,2021-05-20,13680,278
28123,2021-05-20,3168,73
28125,2021-05-20,502,17
28127,2021-05-20,2956,89
28129,2021-05-20,1631,34
28131,2021-05-20,1831,33
28133,2021-05-20,3370,91
28135,2021-05-20,1789,41
28137,2021-05-20,3380,84
28139,2021-05-20,2892,68
28141,2021-05-20,2281,67
28143,2021-05-20,1062,26
28145,2021-05-20,4116,76
28147,2021-05-20,1343,45
28149,2021-05-20,4403,121
28151,2021-05-20,5363,134
28153,2021-05-20,2631,41
28155,2021-05-20,1146,32
28157,2021-05-20,679,31
28159,2021-05-20,2279,81
28161,2021-05-20,1657,38
28163,2021-05-20,3119,70
29001,2021-05-20,2384,19
29003,2021-05-20,1869,20
29005,2021-05-20,456,6
29007,2021-05-20,2707,57
29009,2021-05-20,2899,47
29011,2021-05-20,1178,15
29013,2021-05-20,1337,29
29015,2021-05-20,1680,33
29017,2021-05-20,1122,13
29019,2021-05-20,18001,93
29021,2021-05-20,9341,144
29023,2021-05-20,4206,48
29025,2021-05-20,784,14
29027,2021-05-20,4990,50
29029,2021-05-20,4095,87
29031,2021-05-20,8877,135
29033,2021-05-20,1038,23
29035,2021-05-20,542,11
29037,2021-05-20,9196,111
29039,2021-05-20,1121,22
29041,2021-05-20,676,8
29043,2021-05-20,8479,91
29045,2021-05-20,671,7
29047,2021-05-20,10089,166
29049,2021-05-20,1970,65
29051,2021-05-20,9109,127
29053,2021-05-20,1916,27
29055,2021-05-20,2602,38
29057,2021-05-20,589,17
29059,2021-05-20,1282,28
29061,2021-05-20,705,11
29063,2021-05-20,1128,32
29065,2021-05-20,973,17
29067,2021-05-20,928,29
29069,2021-05-20,2855,50
29071,2021-05-20,10684,184
29073,2021-05-20,1542,45
29075,2021-05-20,827,20
29077,2021-05-20,28356,467
29079,2021-05-20,997,34
29081,2021-05-20,878,14
29083,2021-05-20,2020,40
29085,2021-05-20,649,15
29087,2021-05-20,445,14
29089,2021-05-20,1051,7
29091,2021-05-20,3505,45
29093,2021-05-20,907,6
29095,2021-05-20,38446,448
29097,2021-05-20,15570,236
29099,2021-05-20,23414,248
29101,2021-05-20,4780,54
29103,2021-05-20,376,3
29105,2021-05-20,3311,69
29107,2021-05-20,3087,57
29109,2021-05-20,3418,83
29111,2021-05-20,1037,19
29113,2021-05-20,5953,43
29115,2021-05-20,1214,13
29117,2021-05-20,1714,42
29121,2021-05-20,1549,15
29123,2021-05-20,1667,16
29125,2021-05-20,640,8
29127,2021-05-20,3629,50
29119,2021-05-20,2429,28
29129,2021-05-20,300,2
29131,2021-05-20,2540,54
29133,2021-05-20,1456,28
29135,2021-05-20,1791,32
29137,2021-05-20,1000,12
29139,2021-05-20,1036,11
29141,2021-05-20,1711,44
29143,2021-05-20,2121,44
29145,2021-05-20,5348,78
29147,2021-05-20,2699,25
29149,2021-05-20,800,5
29151,2021-05-20,1634,16
29153,2021-05-20,653,21
29155,2021-05-20,1596,39
29157,2021-05-20,2239,30
29159,2021-05-20,5145,77
29161,2021-05-20,3861,130
29163,2021-05-20,1797,26
29165,2021-05-20,4182,47
29167,2021-05-20,3272,35
29169,2021-05-20,3492,52
29171,2021-05-20,320,4
29173,2021-05-20,1062,13
29175,2021-05-20,2641,30
29177,2021-05-20,1965,27
29179,2021-05-20,381,3
29181,2021-05-20,1074,16
29195,2021-05-20,2832,38
29197,2021-05-20,338,7
29199,2021-05-20,306,4
29201,2021-05-20,4710,84
29203,2021-05-20,588,12
29205,2021-05-20,624,7
29183,2021-05-20,42875,460
29185,2021-05-20,786,8
29187,2021-05-20,8830,115
29189,2021-05-20,99346,2222
29510,2021-05-20,24728,500
29186,2021-05-20,1821,16
29207,2021-05-20,2492,41
29209,2021-05-20,2443,46
29211,2021-05-20,844,14
29213,2021-05-20,5324,94
29215,2021-05-20,1840,23
29217,2021-05-20,1955,46
29219,2021-05-20,3171,23
29221,2021-05-20,2759,49
29223,2021-05-20,1035,14
29225,2021-05-20,3609,54
29227,2021-05-20,163,2
29229,2021-05-20,1595,32
30001,2021-05-20,910,11
30003,2021-05-20,2569,76
30005,2021-05-20,769,23
30007,2021-05-20,496,5
30009,2021-05-20,875,15
30011,2021-05-20,148,5
30013,2021-05-20,9205,169
30015,2021-05-20,507,6
30017,2021-05-20,1194,18
30019,2021-05-20,197,8
30021,2021-05-20,1102,30
30023,2021-05-20,1117,15
30025,2021-05-20,286,2
30027,2021-05-20,1119,31
30029,2021-05-20,12046,95
30031,2021-05-20,14772,63
30033,2021-05-20,80,2
30035,2021-05-20,1540,42
30037,2021-05-20,56,2
30039,2021-05-20,192,2
30041,2021-05-20,1991,44
30043,2021-05-20,1090,8
30045,2021-05-20,91,1
30047,2021-05-20,2089,36
30049,2021-05-20,6918,88
30051,2021-05-20,117,1
30053,2021-05-20,1623,17
30057,2021-05-20,790,8
30055,2021-05-20,182,1
30059,2021-05-20,151,7
30061,2021-05-20,253,0
30063,2021-05-20,9114,94
30065,2021-05-20,345,11
30067,2021-05-20,1397,20
30069,2021-05-20,12,1
30071,2021-05-20,524,16
30073,2021-05-20,489,4
30075,2021-05-20,124,6
30077,2021-05-20,924,10
30079,2021-05-20,141,2
30081,2021-05-20,3117,44
30083,2021-05-20,1235,17
30085,2021-05-20,1635,54
30087,2021-05-20,1226,50
30089,2021-05-20,638,15
30091,2021-05-20,423,5
30093,2021-05-20,4100,86
30095,2021-05-20,728,14
30097,2021-05-20,399,7
30099,2021-05-20,492,6
30101,2021-05-20,722,11
30103,2021-05-20,55,1
30105,2021-05-20,898,18
30107,2021-05-20,179,8
30109,2021-05-20,121,6
30111,2021-05-20,17479,265
31001,2021-05-20,2981,46
31003,2021-05-20,535,7
31005,2021-05-20,22,1
31007,2021-05-20,36,0
31009,2021-05-20,21,0
31011,2021-05-20,584,4
31013,2021-05-20,938,8
31015,2021-05-20,176,3
31017,2021-05-20,219,2
31019,2021-05-20,5517,57
31021,2021-05-20,670,12
31023,2021-05-20,850,11
31025,2021-05-20,2672,16
31027,2021-05-20,775,12
31029,2021-05-20,463,5
31031,2021-05-20,301,7
31033,2021-05-20,936,16
31035,2021-05-20,706,11
31037,2021-05-20,1595,21
31039,2021-05-20,1052,11
31041,2021-05-20,851,19
31043,2021-05-20,3931,65
31045,2021-05-20,745,12
31047,2021-05-20,2887,31
31049,2021-05-20,104,1
31051,2021-05-20,610,9
31053,2021-05-20,4958,62
31055,2021-05-20,71603,711
31057,2021-05-20,185,4
31059,2021-05-20,506,8
31061,2021-05-20,242,4
31063,2021-05-20,194,1
31065,2021-05-20,508,5
31067,2021-05-20,2185,19
31069,2021-05-20,113,1
31071,2021-05-20,152,1
31073,2021-05-20,183,5
31075,2021-05-20,40,4
31077,2021-05-20,214,1
31079,2021-05-20,7849,117
31081,2021-05-20,964,17
31083,2021-05-20,219,0
31085,2021-05-20,61,0
31087,2021-05-20,255,5
31089,2021-05-20,864,16
31091,2021-05-20,54,2
31093,2021-05-20,557,10
31095,2021-05-20,669,1
31097,2021-05-20,643,9
31099,2021-05-20,689,5
31101,2021-05-20,721,10
31103,2021-05-20,54,0
31105,2021-05-20,415,2
31107,2021-05-20,887,12
31109,2021-05-20,31396,170
31111,2021-05-20,3858,59
31113,2021-05-20,82,0
31115,2021-05-20,42,0
31119,2021-05-20,4297,42
31117,2021-05-20,29,1
31121,2021-05-20,787,15
31123,2021-05-20,511,7
31125,2021-05-20,414,10
31127,2021-05-20,691,15
31129,2021-05-20,431,11
31131,2021-05-20,1469,10
31133,2021-05-20,234,1
31135,2021-05-20,293,11
31137,2021-05-20,1001,10
31139,2021-05-20,642,20
31141,2021-05-20,4147,50
31143,2021-05-20,584,9
31145,2021-05-20,1210,15
31147,2021-05-20,731,19
31149,2021-05-20,102,2
31151,2021-05-20,2042,2
31153,2021-05-20,22814,132
31155,2021-05-20,2533,16
31157,2021-05-20,4172,66
31159,2021-05-20,1752,32
31161,2021-05-20,527,11
31163,2021-05-20,212,4
31165,2021-05-20,39,0
31167,2021-05-20,373,9
31169,2021-05-20,496,4
31171,2021-05-20,53,1
31173,2021-05-20,847,12
31175,2021-05-20,327,2
31177,2021-05-20,2198,25
31179,2021-05-20,1089,7
31181,2021-05-20,390,7
31183,2021-05-20,39,0
31185,2021-05-20,1763,11
32510,2021-05-20,6503,123
32001,2021-05-20,2059,49
32003,2021-05-20,249295,4370
32005,2021-05-20,2892,35
32007,2021-05-20,4915,56
32009,2021-05-20,38,0
32011,2021-05-20,55,0
32013,2021-05-20,1187,14
32015,2021-05-20,467,9
32017,2021-05-20,362,3
32019,2021-05-20,3213,65
32021,2021-05-20,309,7
32023,2021-05-20,2939,107
32027,2021-05-20,954,20
32029,2021-05-20,110,3
32031,2021-05-20,45793,678
32033,2021-05-20,625,6
33001,2021-05-20,4063,100
33003,2021-05-20,2435,11
33005,2021-05-20,3781,33
33007,2021-05-20,1989,41
33009,2021-05-20,3988,26
33011,2021-05-20,35907,641
33013,2021-05-20,9540,115
33015,2021-05-20,24071,259
33017,2021-05-20,9783,88
33019,2021-05-20,1776,25
34001,2021-05-20,31420,676
34003,2021-05-20,103872,2858
34005,2021-05-20,44053,848
34007,2021-05-20,55179,1298
34009,2021-05-20,9126,207
34011,2021-05-20,16957,431
34013,2021-05-20,93686,2961
34015,2021-05-20,30338,633
34017,2021-05-20,87651,2257
34019,2021-05-20,9722,175
34021,2021-05-20,33744,944
34023,2021-05-20,91750,2344
34025,2021-05-20,75167,1611
34027,2021-05-20,49867,1223
34029,2021-05-20,75465,2141
34031,2021-05-20,72478,1907
34033,2021-05-20,6050,185
34035,2021-05-20,29905,838
34037,2021-05-20,13886,302
34039,2021-05-20,71132,1955
34041,2021-05-20,9892,236
35001,2021-05-20,58080,940
35003,2021-05-20,94,5
35005,2021-05-20,8988,171
35006,2021-05-20,2884,113
35007,2021-05-20,770,47
35009,2021-05-20,5231,79
35011,2021-05-20,167,1
35013,2021-05-20,24782,458
35015,2021-05-20,6856,129
35017,2021-05-20,1717,37
35019,2021-05-20,408,9
35021,2021-05-20,11,0
35023,2021-05-20,363,9
35025,2021-05-20,8298,168
35027,2021-05-20,1720,19
35028,2021-05-20,528,6
35029,2021-05-20,3352,86
35031,2021-05-20,12323,467
35033,2021-05-20,171,6
35035,2021-05-20,3964,75
35037,2021-05-20,513,8
35039,2021-05-20,3613,76
35041,2021-05-20,1985,56
35045,2021-05-20,15212,474
35047,2021-05-20,1355,17
35043,2021-05-20,12024,230
35049,2021-05-20,10379,146
35051,2021-05-20,774,50
35053,2021-05-20,1318,56
35055,2021-05-20,1675,52
35057,2021-05-20,795,13
35059,2021-05-20,250,9
35061,2021-05-20,6764,110
36001,2021-05-20,24480,350
36003,2021-05-20,3464,84
36005,2021-05-20,181665,6545
36007,2021-05-20,18406,358
36009,2021-05-20,5643,88
36011,2021-05-20,6246,92
36013,2021-05-20,8834,141
36015,2021-05-20,7587,135
36017,2021-05-20,3432,76
36019,2021-05-20,4815,33
36021,2021-05-20,4026,102
36023,2021-05-20,3795,60
36025,2021-05-20,2332,37
36027,2021-05-20,29249,444
36029,2021-05-20,88638,1780
36031,2021-05-20,1581,26
36033,2021-05-20,2518,12
36035,2021-05-20,4353,91
36037,2021-05-20,5378,123
36039,2021-05-20,3377,78
36041,2021-05-20,312,2
36043,2021-05-20,5121,107
36045,2021-05-20,5984,67
36047,2021-05-20,278018,10340
36049,2021-05-20,2736,34
36051,2021-05-20,4419,59
36053,2021-05-20,4494,88
36055,2021-05-20,67230,1082
36057,2021-05-20,4217,123
36059,2021-05-20,182565,3163
36061,2021-05-20,137079,4463
36063,2021-05-20,19766,364
36065,2021-05-20,22315,506
36067,2021-05-20,38230,672
36069,2021-05-20,7330,92
36071,2021-05-20,47941,810
36073,2021-05-20,3071,83
36075,2021-05-20,7480,90
36077,2021-05-20,3407,47
36079,2021-05-20,10548,91
36081,2021-05-20,275028,9869
36083,2021-05-20,11139,141
36085,2021-05-20,74217,1815
36087,2021-05-20,46715,957
36091,2021-05-20,15165,166
36093,2021-05-20,13029,200
36095,2021-05-20,1670,17
36097,2021-05-20,1035,14
36099,2021-05-20,1988,56
36089,2021-05-20,6539,96
36101,2021-05-20,6814,143
36103,2021-05-20,199739,3383
36105,2021-05-20,6564,72
36107,2021-05-20,3726,62
36109,2021-05-20,4274,52
36111,2021-05-20,13801,251
36113,2021-05-20,3599,57
36115,2021-05-20,3101,55
36117,2021-05-20,5685,67
36119,2021-05-20,128967,2270
36121,2021-05-20,3529,52
36123,2021-05-20,1172,26
37001,2021-05-20,18414,287
37003,2021-05-20,4402,84
37005,2021-05-20,1060,5
37007,2021-05-20,2589,55
37009,2021-05-20,2138,41
37011,2021-05-20,2141,20
37013,2021-05-20,4638,95
37015,2021-05-20,1773,43
37017,2021-05-20,3290,42
37019,2021-05-20,9181,153
37021,2021-05-20,17824,315
37023,2021-05-20,10019,153
37025,2021-05-20,21993,258
37027,2021-05-20,9390,110
37029,2021-05-20,670,5
37031,2021-05-20,5133,53
37033,2021-05-20,2177,29
37035,2021-05-20,19534,304
37037,2021-05-20,4674,88
37039,2021-05-20,2601,34
37041,2021-05-20,1468,23
37043,2021-05-20,793,18
37045,2021-05-20,11508,226
37047,2021-05-20,6354,151
37049,2021-05-20,9361,124
37051,2021-05-20,29158,304
37053,2021-05-20,1564,16
37055,2021-05-20,2123,10
37057,2021-05-20,16699,187
37059,2021-05-20,4104,37
37061,2021-05-20,6305,133
37063,2021-05-20,25384,222
37065,2021-05-20,5597,111
37067,2021-05-20,36023,377
37069,2021-05-20,6967,51
37071,2021-05-20,26668,431
37073,2021-05-20,741,13
37075,2021-05-20,596,12
37077,2021-05-20,5976,82
37079,2021-05-20,2352,44
37081,2021-05-20,47830,707
37083,2021-05-20,5611,112
37085,2021-05-20,11726,173
37087,2021-05-20,4403,96
37089,2021-05-20,10228,160
37091,2021-05-20,2106,63
37093,2021-05-20,4717,55
37095,2021-05-20,668,9
37097,2021-05-20,18907,217
37099,2021-05-20,3606,56
37101,2021-05-20,21800,221
37103,2021-05-20,855,27
37105,2021-05-20,6032,79
37107,2021-05-20,6084,117
37109,2021-05-20,10145,85
37113,2021-05-20,3131,38
37115,2021-05-20,1597,42
37117,2021-05-20,2252,43
37111,2021-05-20,5251,63
37119,2021-05-20,112524,959
37121,2021-05-20,1472,16
37123,2021-05-20,3333,94
37125,2021-05-20,8918,188
37127,2021-05-20,11574,190
37129,2021-05-20,19281,166
37131,2021-05-20,1881,59
37133,2021-05-20,17225,145
37135,2021-05-20,8548,101
37137,2021-05-20,1120,13
37139,2021-05-20,3392,83
37141,2021-05-20,5472,69
37143,2021-05-20,1022,12
37145,2021-05-20,3407,69
37147,2021-05-20,19924,90
37149,2021-05-20,1483,29
37151,2021-05-20,15085,229
37153,2021-05-20,4696,94
37155,2021-05-20,16549,240
37157,2021-05-20,7705,110
37159,2021-05-20,16928,306
37161,2021-05-20,7371,212
37163,2021-05-20,7960,112
37165,2021-05-20,3811,85
37167,2021-05-20,7854,134
37169,2021-05-20,4106,80
37171,2021-05-20,8271,162
37173,2021-05-20,1219,18
37175,2021-05-20,2394,33
37177,2021-05-20,320,6
37179,2021-05-20,24533,220
37181,2021-05-20,4958,87
37183,2021-05-20,87965,723
37185,2021-05-20,1793,20
37187,2021-05-20,1082,31
37189,2021-05-20,4671,31
37191,2021-05-20,11250,245
37193,2021-05-20,6717,113
37195,2021-05-20,9714,177
37197,2021-05-20,4058,50
37199,2021-05-20,1630,28
38001,2021-05-20,270,3
38003,2021-05-20,1414,31
38005,2021-05-20,1096,19
38007,2021-05-20,54,0
38009,2021-05-20,718,20
38011,2021-05-20,403,5
38013,2021-05-20,245,2
38015,2021-05-20,15814,192
38017,2021-05-20,24584,208
38019,2021-05-20,432,5
38021,2021-05-20,798,33
38023,2021-05-20,184,2
38025,2021-05-20,384,7
38027,2021-05-20,469,6
38029,2021-05-20,429,13
38031,2021-05-20,599,19
38033,2021-05-20,258,3
38035,2021-05-20,10654,77
38037,2021-05-20,211,7
38039,2021-05-20,329,2
38041,2021-05-20,327,4
38043,2021-05-20,270,10
38045,2021-05-20,536,17
38047,2021-05-20,265,10
38049,2021-05-20,646,23
38051,2021-05-20,347,7
38053,2021-05-20,1371,13
38055,2021-05-20,1281,30
38057,2021-05-20,1131,10
38059,2021-05-20,5287,100
38061,2021-05-20,1348,17
38063,2021-05-20,478,15
38065,2021-05-20,157,3
38067,2021-05-20,815,11
38069,2021-05-20,548,25
38071,2021-05-20,1723,30
38073,2021-05-20,697,17
38075,2021-05-20,320,14
38077,2021-05-20,2020,17
38079,2021-05-20,2152,28
38081,2021-05-20,498,7
38083,2021-05-20,121,2
38085,2021-05-20,662,12
38087,2021-05-20,32,0
38089,2021-05-20,4848,51
38091,2021-05-20,183,2
38093,2021-05-20,3520,81
38095,2021-05-20,325,11
38097,2021-05-20,1046,18
38099,2021-05-20,1909,26
38101,2021-05-20,9808,194
38103,2021-05-20,457,8
38105,2021-05-20,4889,39
39001,2021-05-20,2402,54
39003,2021-05-20,11759,233
39005,2021-05-20,4276,90
39007,2021-05-20,6929,172
39009,2021-05-20,5208,59
39011,2021-05-20,4956,86
39013,2021-05-20,6016,171
39015,2021-05-20,3978,57
39017,2021-05-20,38586,588
39019,2021-05-20,1928,48
39021,2021-05-20,3366,58
39023,2021-05-20,14115,301
39025,2021-05-20,19898,246
39027,2021-05-20,3750,64
39029,2021-05-20,8893,229
39031,2021-05-20,2667,57
39033,2021-05-20,3997,109
39035,2021-05-20,113585,2139
39037,2021-05-20,5376,126
39039,2021-05-20,4255,97
39041,2021-05-20,18627,133
39043,2021-05-20,7973,157
39045,2021-05-20,16346,201
39047,2021-05-20,2835,50
39049,2021-05-20,126988,1415
39051,2021-05-20,4275,70
39053,2021-05-20,2374,49
39055,2021-05-20,6754,149
39057,2021-05-20,15153,246
39059,2021-05-20,3187,53
39061,2021-05-20,80521,1218
39063,2021-05-20,6965,130
39065,2021-05-20,2724,64
39067,2021-05-20,1104,37
39069,2021-05-20,2708,67
39071,2021-05-20,3567,62
39073,2021-05-20,2169,62
39075,2021-05-20,2628,101
39077,2021-05-20,5473,120
39079,2021-05-20,3146,52
39081,2021-05-20,5596,153
39083,2021-05-20,4517,110
39085,2021-05-20,20874,372
39087,2021-05-20,5603,103
39089,2021-05-20,16506,214
39091,2021-05-20,3838,76
39093,2021-05-20,25247,489
39095,2021-05-20,42721,793
39097,2021-05-20,4402,63
39099,2021-05-20,21862,589
39101,2021-05-20,8567,136
39103,2021-05-20,15407,267
39105,2021-05-20,1458,40
39107,2021-05-20,4824,85
39109,2021-05-20,10723,221
39111,2021-05-20,1329,42
39113,2021-05-20,51884,1019
39115,2021-05-20,1088,23
39117,2021-05-20,2879,39
39119,2021-05-20,8840,133
39121,2021-05-20,1341,37
39123,2021-05-20,3698,81
39125,2021-05-20,1746,41
39127,2021-05-20,2959,50
39129,2021-05-20,8606,121
39131,2021-05-20,2395,34
39133,2021-05-20,12994,210
39135,2021-05-20,3813,99
39137,2021-05-20,4308,101
39139,2021-05-20,11455,203
39141,2021-05-20,6883,157
39143,2021-05-20,5382,123
39145,2021-05-20,6457,103
39147,2021-05-20,5318,123
39149,2021-05-20,4709,93
39151,2021-05-20,32776,911
39153,2021-05-20,47716,961
39155,2021-05-20,16238,469
39157,2021-05-20,8519,245
39159,2021-05-20,5765,49
39161,2021-05-20,2443,64
39163,2021-05-20,849,15
39165,2021-05-20,24410,301
39167,2021-05-20,5231,109
39169,2021-05-20,8948,214
39171,2021-05-20,3439,77
39173,2021-05-20,13189,192
39175,2021-05-20,2325,56
40001,2021-05-20,3182,41
40003,2021-05-20,1154,6
40005,2021-05-20,1873,25
40007,2021-05-20,475,6
40009,2021-05-20,2898,57
40011,2021-05-20,1045,19
40013,2021-05-20,6118,72
40015,2021-05-20,3972,89
40017,2021-05-20,17284,175
40019,2021-05-20,6142,111
40021,2021-05-20,5632,75
40023,2021-05-20,1616,22
40025,2021-05-20,214,1
40027,2021-05-20,31140,406
40029,2021-05-20,699,15
40031,2021-05-20,13853,188
40033,2021-05-20,695,16
40035,2021-05-20,1988,18
40037,2021-05-20,6972,157
40039,2021-05-20,4075,98
40041,2021-05-20,4650,91
40043,2021-05-20,552,14
40045,2021-05-20,357,5
40047,2021-05-20,7806,131
40049,2021-05-20,3613,78
40051,2021-05-20,5963,121
40053,2021-05-20,549,6
40055,2021-05-20,585,21
40057,2021-05-20,327,4
40059,2021-05-20,420,6
40061,2021-05-20,1254,17
40063,2021-05-20,1239,28
40065,2021-05-20,3117,56
40067,2021-05-20,703,13
40069,2021-05-20,1377,35
40071,2021-05-20,5325,126
40073,2021-05-20,2056,38
40075,2021-05-20,818,25
40077,2021-05-20,836,13
40079,2021-05-20,5590,64
40081,2021-05-20,3248,72
40083,2021-05-20,4276,57
40085,2021-05-20,1504,21
40093,2021-05-20,956,21
40095,2021-05-20,2048,23
40097,2021-05-20,4214,69
40087,2021-05-20,5306,69
40089,2021-05-20,3946,90
40091,2021-05-20,2010,59
40099,2021-05-20,2018,38
40101,2021-05-20,9332,164
40103,2021-05-20,1380,19
40105,2021-05-20,1149,19
40107,2021-05-20,1789,31
40109,2021-05-20,87025,1221
40111,2021-05-20,3796,78
40113,2021-05-20,4756,72
40115,2021-05-20,3914,67
40117,2021-05-20,1786,50
40119,2021-05-20,8686,72
40121,2021-05-20,4648,70
40123,2021-05-20,5142,72
40125,2021-05-20,8375,127
40127,2021-05-20,1010,20
40129,2021-05-20,389,12
40131,2021-05-20,10523,180
40133,2021-05-20,2878,70
40135,2021-05-20,4130,51
40137,2021-05-20,4876,102
40139,2021-05-20,3527,34
40141,2021-05-20,803,17
40143,2021-05-20,74893,1061
40145,2021-05-20,8114,116
40147,2021-05-20,5216,111
40149,2021-05-20,1084,22
40151,2021-05-20,1203,17
40153,2021-05-20,3166,35
41001,2021-05-20,962,14
41003,2021-05-20,3145,20
41005,2021-05-20,17802,215
41007,2021-05-20,1000,8
41009,2021-05-20,1765,29
41011,2021-05-20,2104,35
41013,2021-05-20,1154,22
41015,2021-05-20,656,10
41017,2021-05-20,9271,77
41019,2021-05-20,3340,71
41021,2021-05-20,63,1
41023,2021-05-20,527,6
41025,2021-05-20,355,8
41027,2021-05-20,1196,31
41029,2021-05-20,11030,141
41031,2021-05-20,2235,37
41033,2021-05-20,3387,71
41035,2021-05-20,4526,65
41037,2021-05-20,459,7
41039,2021-05-20,13210,149
41041,2021-05-20,1391,21
41043,2021-05-20,5090,70
41045,2021-05-20,3536,63
41047,2021-05-20,22338,310
41049,2021-05-20,1114,16
41051,2021-05-20,38862,596
41053,2021-05-20,3808,53
41055,2021-05-20,58,1
41057,2021-05-20,656,3
41059,2021-05-20,8271,85
41061,2021-05-20,1454,23
41063,2021-05-20,188,5
41065,2021-05-20,1388,28
41067,2021-05-20,25882,233
41069,2021-05-20,32,1
41071,2021-05-20,4533,76
42001,2021-05-20,9465,182
42003,2021-05-20,100460,1956
42005,2021-05-20,5924,137
42007,2021-05-20,15268,380
42009,2021-05-20,4529,138
42011,2021-05-20,47459,1020
42013,2021-05-20,13174,334
42015,2021-05-20,5960,89
42017,2021-05-20,60171,1287
42019,2021-05-20,17276,413
42021,2021-05-20,14378,430
42023,2021-05-20,300,6
42025,2021-05-20,6271,170
42027,2021-05-20,16730,222
42029,2021-05-20,36628,794
42031,2021-05-20,3151,92
42033,2021-05-20,8487,146
42035,2021-05-20,3652,65
42037,2021-05-20,5765,133
42039,2021-05-20,7309,149
42041,2021-05-20,20226,520
42043,2021-05-20,25700,546
42045,2021-05-20,51759,1375
42047,2021-05-20,2851,39
42049,2021-05-20,20790,411
42051,2021-05-20,12990,314
42053,2021-05-20,1428,21
42055,2021-05-20,15109,367
42057,2021-05-20,1332,15
42059,2021-05-20,3231,40
42061,2021-05-20,5067,130
42063,2021-05-20,6232,175
42065,2021-05-20,3286,98
42067,2021-05-20,2108,86
42069,2021-05-20,18247,470
42071,2021-05-20,54707,1138
42073,2021-05-20,7492,209
42075,2021-05-20,15933,286
42077,2021-05-20,39240,850
42079,2021-05-20,31445,807
42081,2021-05-20,11719,284
42083,2021-05-20,3706,70
42085,2021-05-20,9475,256
42087,2021-05-20,5346,178
42089,2021-05-20,14566,312
42091,2021-05-20,69632,1702
42093,2021-05-20,1997,66
42095,2021-05-20,35417,706
42097,2021-05-20,9496,355
42099,2021-05-20,3779,100
42101,2021-05-20,151454,3572
42103,2021-05-20,3931,54
42105,2021-05-20,1157,23
42107,2021-05-20,14577,400
42109,2021-05-20,3631,84
42111,2021-05-20,7852,208
42113,2021-05-20,429,20
42115,2021-05-20,2578,62
42117,2021-05-20,2978,107
42119,2021-05-20,6076,86
42121,2021-05-20,3973,94
42123,2021-05-20,2597,102
42125,2021-05-20,17530,298
42127,2021-05-20,4046,80
42129,2021-05-20,33774,760
42131,2021-05-20,1911,51
42133,2021-05-20,45812,804
44001,2021-05-20,5096,143
44003,2021-05-20,18525,360
44005,2021-05-20,6806,41
44007,2021-05-20,97640,1971
44009,2021-05-20,9935,168
45001,2021-05-20,2582,41
45003,2021-05-20,17390,225
45005,2021-05-20,941,15
45007,2021-05-20,23055,525
45009,2021-05-20,1581,51
45011,2021-05-20,2595,57
45013,2021-05-20,16944,208
45015,2021-05-20,17734,199
45017,2021-05-20,1326,37
45019,2021-05-20,43561,508
45021,2021-05-20,6095,155
45023,2021-05-20,4220,76
45025,2021-05-20,4833,105
45027,2021-05-20,3432,114
45029,2021-05-20,3649,127
45031,2021-05-20,8493,175
45033,2021-05-20,4382,85
45035,2021-05-20,18042,221
45037,2021-05-20,3148,44
45039,2021-05-20,2404,82
45041,2021-05-20,17801,417
45043,2021-05-20,6739,140
45045,2021-05-20,74789,1011
45047,2021-05-20,8232,173
45049,2021-05-20,1926,51
45051,2021-05-20,39065,577
45053,2021-05-20,2386,47
45055,2021-05-20,7518,141
45057,2021-05-20,10796,168
45059,2021-05-20,7447,170
45061,2021-05-20,1922,62
45063,2021-05-20,33491,486
45067,2021-05-20,3535,107
45069,2021-05-20,3408,56
45065,2021-05-20,1026,28
45071,2021-05-20,5065,105
45073,2021-05-20,9741,133
45075,2021-05-20,9829,250
45077,2021-05-20,18890,300
45079,2021-05-20,46885,561
45081,2021-05-20,1822,50
45083,2021-05-20,41560,813
45085,2021-05-20,10468,206
45087,2021-05-20,3155,83
45089,2021-05-20,4083,99
45091,2021-05-20,31502,383
46003,2021-05-20,473,15
46005,2021-05-20,2958,40
46007,2021-05-20,391,9
46009,2021-05-20,1551,27
46011,2021-05-20,4218,37
46013,2021-05-20,5599,92
46015,2021-05-20,717,10
46017,2021-05-20,426,13
46019,2021-05-20,1066,20
46021,2021-05-20,131,4
46023,2021-05-20,1378,22
46025,2021-05-20,462,5
46027,2021-05-20,1921,15
46029,2021-05-20,4644,81
46031,2021-05-20,480,12
46033,2021-05-20,869,12
46035,2021-05-20,3238,66
46037,2021-05-20,708,29
46039,2021-05-20,528,9
46041,2021-05-20,1473,28
46043,2021-05-20,455,9
46045,2021-05-20,513,14
46047,2021-05-20,596,16
46049,2021-05-20,371,13
46051,2021-05-20,1053,42
46053,2021-05-20,579,30
46055,2021-05-20,263,10
46057,2021-05-20,797,39
46059,2021-05-20,362,6
46061,2021-05-20,388,4
46063,2021-05-20,97,1
46065,2021-05-20,2507,39
46067,2021-05-20,919,27
46069,2021-05-20,141,1
46071,2021-05-20,289,14
46073,2021-05-20,278,16
46075,2021-05-20,93,0
46077,2021-05-20,817,18
46079,2021-05-20,1375,20
46081,2021-05-20,2992,47
46083,2021-05-20,8695,77
46085,2021-05-20,656,11
46091,2021-05-20,374,6
46087,2021-05-20,808,25
46089,2021-05-20,246,4
46093,2021-05-20,2773,31
46095,2021-05-20,261,2
46097,2021-05-20,304,10
46099,2021-05-20,31643,360
46101,2021-05-20,664,18
46113,2021-05-20,2111,49
46103,2021-05-20,13780,194
46105,2021-05-20,359,14
46107,2021-05-20,391,4
46109,2021-05-20,1369,39
46111,2021-05-20,344,3
46115,2021-05-20,843,26
46117,2021-05-20,350,2
46119,2021-05-20,142,3
46121,2021-05-20,1230,31
46123,2021-05-20,755,17
46125,2021-05-20,1173,56
46127,2021-05-20,2223,43
46129,2021-05-20,770,15
46135,2021-05-20,3098,33
46137,2021-05-20,344,9
47001,2021-05-20,8814,172
47003,2021-05-20,6538,129
47005,2021-05-20,1682,40
47007,2021-05-20,2168,11
47009,2021-05-20,15599,196
47011,2021-05-20,15145,152
47013,2021-05-20,4182,63
47015,2021-05-20,1929,31
47017,2021-05-20,3642,83
47019,2021-05-20,6682,158
47021,2021-05-20,4595,56
47023,2021-05-20,2158,51
47025,2021-05-20,3193,73
47027,2021-05-20,1104,30
47029,2021-05-20,4530,100
47031,2021-05-20,6933,124
47033,2021-05-20,2038,49
47035,2021-05-20,6785,133
47037,2021-05-20,89870,945
47039,2021-05-20,1593,39
47041,2021-05-20,2810,54
47043,2021-05-20,6861,114
47045,2021-05-20,5447,106
47047,2021-05-20,5129,78
47049,2021-05-20,2436,47
47051,2021-05-20,5164,90
47053,2021-05-20,6567,147
47055,2021-05-20,4015,101
47057,2021-05-20,2642,50
47059,2021-05-20,7944,157
47061,2021-05-20,1794,35
47063,2021-05-20,8640,174
47065,2021-05-20,44710,497
47067,2021-05-20,598,12
47069,2021-05-20,3543,64
47071,2021-05-20,3588,68
47073,2021-05-20,6207,109
47075,2021-05-20,2715,62
47077,2021-05-20,3817,76
47079,2021-05-20,3217,76
47081,2021-05-20,2853,46
47083,2021-05-20,1099,33
47085,2021-05-20,1830,28
47087,2021-05-20,1326,36
47089,2021-05-20,6256,125
47091,2021-05-20,2427,39
47093,2021-05-20,51225,638
47095,2021-05-20,1707,26
47097,2021-05-20,3214,45
47099,2021-05-20,6000,91
47101,2021-05-20,1586,26
47103,2021-05-20,4372,63
47105,2021-05-20,6178,69
47111,2021-05-20,3632,78
47113,2021-05-20,11295,241
47115,2021-05-20,3135,47
47117,2021-05-20,4207,58
47119,2021-05-20,13585,172
47107,2021-05-20,6567,99
47109,2021-05-20,2850,54
47121,2021-05-20,1396,25
47123,2021-05-20,5895,96
47125,2021-05-20,20564,228
47127,2021-05-20,1018,17
47129,2021-05-20,2523,39
47131,2021-05-20,4562,96
47133,2021-05-20,3026,61
47135,2021-05-20,1073,28
47137,2021-05-20,758,24
47139,2021-05-20,2097,25
47141,2021-05-20,11448,175
47143,2021-05-20,4371,75
47145,2021-05-20,6331,105
47147,2021-05-20,9817,132
47149,2021-05-20,43309,438
47151,2021-05-20,3167,45
47153,2021-05-20,1725,29
47155,2021-05-20,13472,176
47157,2021-05-20,96867,1637
47159,2021-05-20,2788,39
47161,2021-05-20,1344,28
47163,2021-05-20,17034,302
47165,2021-05-20,24207,349
47167,2021-05-20,7414,104
47169,2021-05-20,2507,22
47171,2021-05-20,2047,49
47173,2021-05-20,1930,34
47175,2021-05-20,855,23
47177,2021-05-20,5560,81
47179,2021-05-20,14736,247
47181,2021-05-20,2968,34
47183,2021-05-20,4173,67
47185,2021-05-20,3697,71
47187,2021-05-20,28179,217
47189,2021-05-20,18949,236
48001,2021-05-20,6214,124
48003,2021-05-20,1825,47
48005,2021-05-20,8597,280
48007,2021-05-20,1252,40
48009,2021-05-20,809,12
48011,2021-05-20,203,6
48013,2021-05-20,5788,150
48015,2021-05-20,2179,37
48017,2021-05-20,825,19
48019,2021-05-20,1416,27
48021,2021-05-20,9516,93
48023,2021-05-20,299,12
48025,2021-05-20,3500,72
48027,2021-05-20,22582,423
48029,2021-05-20,221485,3546
48031,2021-05-20,736,20
48033,2021-05-20,30,2
48035,2021-05-20,1680,33
48037,2021-05-20,7030,216
48039,2021-05-20,37921,509
48041,2021-05-20,26801,251
48043,2021-05-20,934,16
48045,2021-05-20,168,5
48047,2021-05-20,811,36
48049,2021-05-20,4268,120
48051,2021-05-20,2422,48
48053,2021-05-20,4772,65
48055,2021-05-20,5662,98
48057,2021-05-20,2359,23
48059,2021-05-20,1197,40
48061,2021-05-20,40966,1647
48063,2021-05-20,1259,43
48065,2021-05-20,526,14
48067,2021-05-20,1933,82
48069,2021-05-20,996,32
48071,2021-05-20,5040,27
48073,2021-05-20,4231,140
48075,2021-05-20,1376,17
48077,2021-05-20,1034,16
48079,2021-05-20,305,15
48081,2021-05-20,467,13
48083,2021-05-20,750,33
48085,2021-05-20,91157,832
48087,2021-05-20,331,9
48089,2021-05-20,1736,32
48091,2021-05-20,10711,296
48093,2021-05-20,1556,51
48095,2021-05-20,387,8
48097,2021-05-20,3773,72
48099,2021-05-20,7277,86
48101,2021-05-20,190,7
48103,2021-05-20,534,12
48105,2021-05-20,575,15
48107,2021-05-20,655,29
48109,2021-05-20,363,11
48111,2021-05-20,985,25
48113,2021-05-20,302150,4050
48115,2021-05-20,1736,69
48117,2021-05-20,2828,66
48119,2021-05-20,321,12
48121,2021-05-20,75621,759
48123,2021-05-20,1931,59
48125,2021-05-20,188,10
48127,2021-05-20,2218,36
48129,2021-05-20,420,15
48131,2021-05-20,1256,41
48133,2021-05-20,1360,49
48135,2021-05-20,17357,374
48137,2021-05-20,251,6
48141,2021-05-20,135699,2690
48139,2021-05-20,22933,312
48143,2021-05-20,4212,69
48145,2021-05-20,2090,32
48147,2021-05-20,3497,108
48149,2021-05-20,2720,64
48151,2021-05-20,300,14
48153,2021-05-20,873,30
48155,2021-05-20,123,10
48157,2021-05-20,68300,674
48159,2021-05-20,734,26
48161,2021-05-20,1938,50
48163,2021-05-20,2887,51
48165,2021-05-20,1444,44
48167,2021-05-20,39973,418
48169,2021-05-20,493,22
48171,2021-05-20,2568,50
48173,2021-05-20,104,2
48175,2021-05-20,457,13
48177,2021-05-20,2740,57
48179,2021-05-20,2327,57
48181,2021-05-20,11329,340
48183,2021-05-20,11236,356
48185,2021-05-20,3732,70
48187,2021-05-20,14947,212
48189,2021-05-20,6140,155
48191,2021-05-20,470,14
48193,2021-05-20,779,27
48195,2021-05-20,898,24
48197,2021-05-20,383,12
48199,2021-05-20,5861,112
48201,2021-05-20,397337,6357
48203,2021-05-20,4895,109
48205,2021-05-20,654,2
48207,2021-05-20,445,27
48209,2021-05-20,20823,245
48211,2021-05-20,585,2
48213,2021-05-20,5949,189
48215,2021-05-20,90589,2862
48217,2021-05-20,4511,108
48219,2021-05-20,2838,103
48221,2021-05-20,6578,129
48223,2021-05-20,3127,111
48225,2021-05-20,1658,54
48227,2021-05-20,4658,101
48229,2021-05-20,534,11
48231,2021-05-20,6057,171
48233,2021-05-20,2030,71
48235,2021-05-20,127,1
48237,2021-05-20,609,16
48239,2021-05-20,1843,31
48241,2021-05-20,2483,90
48243,2021-05-20,191,5
48245,2021-05-20,19732,429
48247,2021-05-20,613,16
48249,2021-05-20,4301,102
48251,2021-05-20,19875,366
48253,2021-05-20,2598,55
48255,2021-05-20,2192,37
48257,2021-05-20,16185,259
48259,2021-05-20,3320,72
48261,2021-05-20,39,2
48263,2021-05-20,106,2
48265,2021-05-20,4536,88
48267,2021-05-20,268,6
48269,2021-05-20,11,0
48271,2021-05-20,350,6
48273,2021-05-20,2651,93
48275,2021-05-20,261,17
48283,2021-05-20,1051,28
48277,2021-05-20,5838,156
48279,2021-05-20,2316,83
48281,2021-05-20,2192,33
48285,2021-05-20,2500,76
48287,2021-05-20,2202,39
48289,2021-05-20,1640,43
48291,2021-05-20,7964,186
48293,2021-05-20,2797,78
48295,2021-05-20,348,12
48297,2021-05-20,1138,22
48299,2021-05-20,1678,51
48301,2021-05-20,2,0
48303,2021-05-20,49207,788
48305,2021-05-20,620,23
48313,2021-05-20,1968,29
48315,2021-05-20,540,33
48317,2021-05-20,634,19
48319,2021-05-20,406,6
48321,2021-05-20,4182,111
48323,2021-05-20,10451,356
48307,2021-05-20,575,19
48309,2021-05-20,27320,472
48311,2021-05-20,83,5
48325,2021-05-20,5052,104
48327,2021-05-20,211,9
48329,2021-05-20,17614,271
48331,2021-05-20,2548,48
48333,2021-05-20,656,21
48335,2021-05-20,605,31
48337,2021-05-20,2102,71
48339,2021-05-20,53936,576
48341,2021-05-20,2738,72
48343,2021-05-20,873,33
48345,2021-05-20,116,8
48347,2021-05-20,4562,170
48349,2021-05-20,5833,143
48351,2021-05-20,625,35
48353,2021-05-20,1541,51
48355,2021-05-20,42675,813
48357,2021-05-20,1166,27
48359,2021-05-20,291,4
48361,2021-05-20,8614,149
48363,2021-05-20,2907,75
48365,2021-05-20,1616,75
48367,2021-05-20,15854,184
48369,2021-05-20,1284,35
48371,2021-05-20,1677,34
48373,2021-05-20,3331,115
48375,2021-05-20,17495,454
48377,2021-05-20,819,24
48379,2021-05-20,808,25
48381,2021-05-20,16859,284
48383,2021-05-20,384,8
48385,2021-05-20,312,12
48387,2021-05-20,697,37
48389,2021-05-20,1895,43
48391,2021-05-20,669,22
48393,2021-05-20,62,1
48395,2021-05-20,2151,43
48397,2021-05-20,11616,154
48399,2021-05-20,1292,38
48401,2021-05-20,3987,108
48403,2021-05-20,524,45
48405,2021-05-20,577,32
48407,2021-05-20,1332,38
48409,2021-05-20,4383,151
48411,2021-05-20,781,23
48413,2021-05-20,238,6
48415,2021-05-20,2429,62
48417,2021-05-20,276,5
48419,2021-05-20,1689,67
48421,2021-05-20,233,12
48423,2021-05-20,20367,475
48425,2021-05-20,1082,14
48427,2021-05-20,9450,297
48429,2021-05-20,813,26
48431,2021-05-20,108,4
48433,2021-05-20,156,6
48435,2021-05-20,469,8
48437,2021-05-20,864,17
48439,2021-05-20,259697,3472
48441,2021-05-20,15776,409
48443,2021-05-20,74,2
48445,2021-05-20,1693,56
48447,2021-05-20,73,5
48449,2021-05-20,3725,84
48451,2021-05-20,16860,269
48453,2021-05-20,83457,1016
48455,2021-05-20,768,26
48457,2021-05-20,1326,41
48459,2021-05-20,3291,75
48461,2021-05-20,372,10
48463,2021-05-20,3583,72
48465,2021-05-20,7860,223
48467,2021-05-20,4358,118
48469,2021-05-20,8951,210
48471,2021-05-20,8794,128
48473,2021-05-20,4204,47
48475,2021-05-20,1195,24
48477,2021-05-20,4096,93
48479,2021-05-20,43738,791
48481,2021-05-20,4178,116
48483,2021-05-20,567,11
48485,2021-05-20,15091,377
48487,2021-05-20,1919,55
48489,2021-05-20,3008,88
48491,2021-05-20,46477,474
48493,2021-05-20,4541,68
48495,2021-05-20,769,21
48497,2021-05-20,7365,121
48499,2021-05-20,3447,128
48501,2021-05-20,873,27
48503,2021-05-20,2179,44
48505,2021-05-20,1770,36
48507,2021-05-20,1866,41
49001,2021-05-20,0,0
49003,2021-05-20,0,0
49005,2021-05-20,0,0
49007,2021-05-20,0,0
49009,2021-05-20,0,0
49011,2021-05-20,38405,171
49013,2021-05-20,0,0
49015,2021-05-20,0,0
49017,2021-05-20,0,0
49019,2021-05-20,0,0
49021,2021-05-20,0,0
49023,2021-05-20,0,0
49025,2021-05-20,0,0
49027,2021-05-20,0,0
49029,2021-05-20,0,0
49031,2021-05-20,0,0
49033,2021-05-20,0,0
49035,2021-05-20,150046,877
49037,2021-05-20,1905,37
49039,2021-05-20,0,0
49041,2021-05-20,0,0
49043,2021-05-20,5566,12
49045,2021-05-20,7351,44
49047,2021-05-20,0,0
49049,2021-05-20,96458,390
49051,2021-05-20,4653,22
49053,2021-05-20,0,0
49055,2021-05-20,0,0
49057,2021-05-20,0,0
50001,2021-05-20,1052,8
50003,2021-05-20,2026,15
50005,2021-05-20,1055,7
50007,2021-05-20,7463,103
50009,2021-05-20,285,2
50011,2021-05-20,2016,39
50013,2021-05-20,213,2
50015,2021-05-20,875,3
50017,2021-05-20,809,3
50019,2021-05-20,1258,11
50021,2021-05-20,2231,20
50023,2021-05-20,1871,15
50025,2021-05-20,1364,14
50027,2021-05-20,1448,13
51001,2021-05-20,2843,42
51003,2021-05-20,5784,83
51510,2021-05-20,11799,135
51005,2021-05-20,1358,48
51007,2021-05-20,913,32
51009,2021-05-20,2934,37
51011,2021-05-20,1593,25
51013,2021-05-20,15279,256
51015,2021-05-20,5838,71
51017,2021-05-20,272,10
51019,2021-05-20,6419,102
51021,2021-05-20,678,10
51023,2021-05-20,2539,38
51520,2021-05-20,1535,34
51025,2021-05-20,1319,22
51027,2021-05-20,1443,43
51029,2021-05-20,2132,30
51530,2021-05-20,909,20
51031,2021-05-20,4505,88
51033,2021-05-20,2616,37
51035,2021-05-20,2665,73
51036,2021-05-20,501,16
51037,2021-05-20,869,21
51540,2021-05-20,4011,57
51550,2021-05-20,20967,298
51041,2021-05-20,27851,434
51043,2021-05-20,983,20
51570,2021-05-20,1709,61
51580,2021-05-20,601,13
51045,2021-05-20,313,5
51047,2021-05-20,4652,64
51049,2021-05-20,495,9
51590,2021-05-20,4426,137
51051,2021-05-20,938,15
51053,2021-05-20,2128,44
51595,2021-05-20,669,42
51057,2021-05-20,766,10
51059,2021-05-20,76717,1081
51600,2021-05-20,557,19
51610,2021-05-20,434,9
51061,2021-05-20,4687,70
51063,2021-05-20,867,23
51065,2021-05-20,1917,18
51067,2021-05-20,4057,77
51620,2021-05-20,1136,32
51069,2021-05-20,7990,101
51630,2021-05-20,2122,23
51640,2021-05-20,1167,53
51071,2021-05-20,1284,22
51073,2021-05-20,2203,48
51075,2021-05-20,1454,23
51077,2021-05-20,1476,35
51079,2021-05-20,1277,18
51081,2021-05-20,1578,25
51083,2021-05-20,2812,77
51650,2021-05-20,10481,178
51085,2021-05-20,8153,158
51660,2021-05-20,6489,94
51087,2021-05-20,25394,612
51089,2021-05-20,4604,123
51091,2021-05-20,109,1
51670,2021-05-20,2595,75
51093,2021-05-20,3142,68
51095,2021-05-20,4615,72
51097,2021-05-20,399,8
51099,2021-05-20,1715,20
51101,2021-05-20,1226,12
51103,2021-05-20,714,16
51105,2021-05-20,2428,47
51678,2021-05-20,1206,32
51107,2021-05-20,27817,277
51109,2021-05-20,1981,32
51111,2021-05-20,770,13
51680,2021-05-20,7841,150
51113,2021-05-20,617,16
51683,2021-05-20,4302,47
51685,2021-05-20,1218,11
51690,2021-05-20,1608,76
51115,2021-05-20,598,12
51117,2021-05-20,2318,67
51119,2021-05-20,572,20
51121,2021-05-20,9390,96
51125,2021-05-20,898,13
51127,2021-05-20,1500,18
51700,2021-05-20,14006,228
51710,2021-05-20,17730,259
51131,2021-05-20,807,36
51133,2021-05-20,742,20
51720,2021-05-20,289,7
51135,2021-05-20,1917,48
51137,2021-05-20,2211,38
51139,2021-05-20,2045,56
51141,2021-05-20,1359,43
51730,2021-05-20,3881,86
51143,2021-05-20,5550,81
51735,2021-05-20,875,16
51740,2021-05-20,9075,197
51145,2021-05-20,1912,17
51147,2021-05-20,2168,34
51149,2021-05-20,3543,29
51153,2021-05-20,45197,496
51155,2021-05-20,2658,61
51750,2021-05-20,2151,18
51157,2021-05-20,360,2
51159,2021-05-20,1516,15
51760,2021-05-20,17016,265
51161,2021-05-20,8262,145
51770,2021-05-20,8473,192
51163,2021-05-20,1551,46
51165,2021-05-20,6770,107
51167,2021-05-20,2273,38
51775,2021-05-20,2171,49
51169,2021-05-20,1845,56
51171,2021-05-20,4335,133
51173,2021-05-20,2969,93
51175,2021-05-20,1978,56
51177,2021-05-20,10042,119
51179,2021-05-20,11327,79
51790,2021-05-20,2526,71
51800,2021-05-20,7941,190
51181,2021-05-20,421,9
51183,2021-05-20,1192,21
51185,2021-05-20,3653,70
51810,2021-05-20,35973,401
51187,2021-05-20,3023,57
51191,2021-05-20,4944,110
51820,2021-05-20,2380,38
51193,2021-05-20,1291,26
51830,2021-05-20,768,13
51840,2021-05-20,2904,46
51195,2021-05-20,3222,98
51197,2021-05-20,2661,79
51199,2021-05-20,3735,54
53001,2021-05-20,2155,23
53003,2021-05-20,1463,27
53005,2021-05-20,17051,220
53007,2021-05-20,6730,66
53009,2021-05-20,1299,10
53011,2021-05-20,24092,264
53013,2021-05-20,122,4
53015,2021-05-20,5980,92
53017,2021-05-20,3586,22
53019,2021-05-20,366,8
53021,2021-05-20,12452,115
53023,2021-05-20,123,5
53025,2021-05-20,8952,76
53027,2021-05-20,4148,68
53029,2021-05-20,1748,31
53031,2021-05-20,411,3
53033,2021-05-20,107632,1554
53035,2021-05-20,8187,112
53037,2021-05-20,3034,33
53039,2021-05-20,760,10
53041,2021-05-20,4650,66
53043,2021-05-20,540,8
53045,2021-05-20,2761,34
53047,2021-05-20,2565,39
53049,2021-05-20,944,11
53051,2021-05-20,769,9
53053,2021-05-20,52963,671
53055,2021-05-20,181,0
53057,2021-05-20,5734,72
53059,2021-05-20,353,1
53061,2021-05-20,38013,581
53063,2021-05-20,43311,636
53065,2021-05-20,2218,28
53067,2021-05-20,9719,105
53069,2021-05-20,116,0
53071,2021-05-20,5090,65
53073,2021-05-20,9097,97
53075,2021-05-20,4241,48
53077,2021-05-20,29855,456
54001,2021-05-20,1463,28
54003,2021-05-20,12500,126
54005,2021-05-20,2086,34
54007,2021-05-20,962,3
54009,2021-05-20,2202,60
54011,2021-05-20,8754,172
54013,2021-05-20,361,0
54015,2021-05-20,529,9
54017,2021-05-20,609,6
54019,2021-05-20,3467,76
54021,2021-05-20,868,5
54023,2021-05-20,1275,27
54025,2021-05-20,2835,61
54027,2021-05-20,1871,34
54029,2021-05-20,2816,89
54031,2021-05-20,1541,24
54033,2021-05-20,5812,77
54035,2021-05-20,2143,61
54037,2021-05-20,4646,52
54039,2021-05-20,15087,343
54041,2021-05-20,1228,21
54043,2021-05-20,1498,22
54045,2021-05-20,3165,94
54049,2021-05-20,4498,51
54051,2021-05-20,3483,76
54053,2021-05-20,2015,37
54047,2021-05-20,1579,24
54055,2021-05-20,4929,116
54057,2021-05-20,2881,89
54059,2021-05-20,2621,41
54061,2021-05-20,9255,86
54063,2021-05-20,1149,17
54065,2021-05-20,1200,20
54067,2021-05-20,1772,19
54069,2021-05-20,4240,86
54071,2021-05-20,704,11
54073,2021-05-20,923,11
54075,2021-05-20,664,11
54077,2021-05-20,2911,46
54079,2021-05-20,5212,93
54081,2021-05-20,6871,87
54083,2021-05-20,2680,12
54085,2021-05-20,718,11
54087,2021-05-20,640,9
54089,2021-05-20,827,22
54091,2021-05-20,1232,23
54093,2021-05-20,531,10
54095,2021-05-20,728,10
54097,2021-05-20,1894,33
54099,2021-05-20,3133,41
54101,2021-05-20,502,8
54103,2021-05-20,1362,31
54105,2021-05-20,437,3
54107,2021-05-20,7831,170
54109,2021-05-20,2009,39
55001,2021-05-20,1951,17
55003,2021-05-20,1378,15
55005,2021-05-20,6001,83
55007,2021-05-20,1279,19
55009,2021-05-20,35326,289
55011,2021-05-20,1404,7
55013,2021-05-20,1548,22
55015,2021-05-20,6491,56
55017,2021-05-20,7613,96
55019,2021-05-20,3675,63
55021,2021-05-20,5869,69
55023,2021-05-20,1787,19
55025,2021-05-20,46323,330
55027,2021-05-20,12841,186
55029,2021-05-20,2840,30
55031,2021-05-20,4896,58
55033,2021-05-20,5078,32
55035,2021-05-20,11916,119
55037,2021-05-20,502,13
55039,2021-05-20,13734,122
55041,2021-05-20,1040,26
55043,2021-05-20,5708,92
55045,2021-05-20,3633,24
55047,2021-05-20,2020,22
55049,2021-05-20,2128,11
55051,2021-05-20,699,40
55053,2021-05-20,2706,28
55055,2021-05-20,9625,133
55057,2021-05-20,3314,28
55059,2021-05-20,18521,325
55061,2021-05-20,2705,35
55063,2021-05-20,13630,88
55065,2021-05-20,1720,10
55067,2021-05-20,2181,46
55069,2021-05-20,3282,92
55071,2021-05-20,8858,90
55073,2021-05-20,16315,225
55075,2021-05-20,4660,69
55077,2021-05-20,1568,28
55078,2021-05-20,812,11
55079,2021-05-20,116613,1370
55081,2021-05-20,4677,39
55083,2021-05-20,5055,64
55085,2021-05-20,3806,77
55087,2021-05-20,23708,223
55089,2021-05-20,9220,96
55091,2021-05-20,888,7
55093,2021-05-20,4968,43
55095,2021-05-20,4736,60
55097,2021-05-20,7376,72
55099,2021-05-20,1341,7
55101,2021-05-20,25066,382
55103,2021-05-20,1384,15
55105,2021-05-20,18132,198
55107,2021-05-20,1405,18
55111,2021-05-20,6163,54
55113,2021-05-20,1796,27
55115,2021-05-20,5299,84
55117,2021-05-20,14690,155
55109,2021-05-20,9673,62
55119,2021-05-20,2116,32
55121,2021-05-20,3657,45
55123,2021-05-20,2004,42
55125,2021-05-20,2420,41
55127,2021-05-20,12379,160
55129,2021-05-20,1571,22
55131,2021-05-20,16803,168
55133,2021-05-20,48875,587
55135,2021-05-20,6038,164
55137,2021-05-20,2517,37
55139,2021-05-20,21322,219
55141,2021-05-20,7601,94
56001,2021-05-20,4457,12
56003,2021-05-20,1163,33
56005,2021-05-20,4923,60
56007,2021-05-20,1600,23
56009,2021-05-20,1006,17
56011,2021-05-20,435,12
56013,2021-05-20,5204,84
56015,2021-05-20,1216,24
56017,2021-05-20,368,3
56019,2021-05-20,719,10
56021,2021-05-20,9287,114
56023,2021-05-20,1411,12
56025,2021-05-20,8048,136
56027,2021-05-20,161,2
56029,2021-05-20,2782,30
56031,2021-05-20,635,11
56033,2021-05-20,3187,31
56035,2021-05-20,791,7
56037,2021-05-20,4392,39
56039,2021-05-20,3770,9
56041,2021-05-20,2250,13
56043,2021-05-20,920,26
56045,2021-05-20,651,5
